[2025-03-25 20:40:06] local.ERROR: Uncaught Symfony\Component\Finder\Exception\DirectoryNotFoundException: The "C:\Users\Dell\Downloads\UltimatePOS-V6.5\UltimatePOS-CodeBase-V6.5\custom_views" directory does not exist. in C:\Users\Dell\Downloads\UltimatePOS-V6.5\UltimatePOS-CodeBase-V6.5\vendor\symfony\finder\Finder.php:649
Stack trace:
#0 C:\Users\Dell\Downloads\UltimatePOS-V6.5\UltimatePOS-CodeBase-V6.5\vendor\laravel\framework\src\Illuminate\Filesystem\Filesystem.php(569): Symfony\Component\Finder\Finder->in('C:\\Users\\Dell\\D...')
#1 Command line code(1): Illuminate\Filesystem\Filesystem->files('C:\\Users\\Dell\\D...')
#2 Command line code(1): getViews('C:\\Users\\Dell\\D...', Object(Illuminate\Filesystem\Filesystem))
#3 {main}
  thrown {"exception":"[object] (Symfony\\Component\\ErrorHandler\\Error\\FatalError(code: 0): Uncaught Symfony\\Component\\Finder\\Exception\\DirectoryNotFoundException: The \"C:\\Users\\Dell\\Downloads\\UltimatePOS-V6.5\\UltimatePOS-CodeBase-V6.5\\custom_views\" directory does not exist. in C:\\Users\\Dell\\Downloads\\UltimatePOS-V6.5\\UltimatePOS-CodeBase-V6.5\\vendor\\symfony\\finder\\Finder.php:649
Stack trace:
#0 C:\\Users\\Dell\\Downloads\\UltimatePOS-V6.5\\UltimatePOS-CodeBase-V6.5\\vendor\\laravel\\framework\\src\\Illuminate\\Filesystem\\Filesystem.php(569): Symfony\\Component\\Finder\\Finder->in('C:\\\\Users\\\\Dell\\\\D...')
#1 Command line code(1): Illuminate\\Filesystem\\Filesystem->files('C:\\\\Users\\\\Dell\\\\D...')
#2 Command line code(1): getViews('C:\\\\Users\\\\Dell\\\\D...', Object(Illuminate\\Filesystem\\Filesystem))
#3 {main}
  thrown at C:\\Users\\Dell\\Downloads\\UltimatePOS-V6.5\\UltimatePOS-CodeBase-V6.5\\vendor\\symfony\\finder\\Finder.php:649)
[stacktrace]
#0 {main}
"} 
[2025-03-25 20:40:07] local.ERROR: Uncaught Symfony\Component\Finder\Exception\DirectoryNotFoundException: The "C:\Users\Dell\Downloads\UltimatePOS-V6.5\UltimatePOS-CodeBase-V6.5\custom_views" directory does not exist. in C:\Users\Dell\Downloads\UltimatePOS-V6.5\UltimatePOS-CodeBase-V6.5\vendor\symfony\finder\Finder.php:649
Stack trace:
#0 C:\Users\Dell\Downloads\UltimatePOS-V6.5\UltimatePOS-CodeBase-V6.5\vendor\laravel\framework\src\Illuminate\Filesystem\Filesystem.php(569): Symfony\Component\Finder\Finder->in('C:\\Users\\Dell\\D...')
#1 Command line code(1): Illuminate\Filesystem\Filesystem->files('C:\\Users\\Dell\\D...')
#2 Command line code(1): getViews('C:\\Users\\Dell\\D...', Object(Illuminate\Filesystem\Filesystem))
#3 {main}
  thrown {"exception":"[object] (Symfony\\Component\\ErrorHandler\\Error\\FatalError(code: 0): Uncaught Symfony\\Component\\Finder\\Exception\\DirectoryNotFoundException: The \"C:\\Users\\Dell\\Downloads\\UltimatePOS-V6.5\\UltimatePOS-CodeBase-V6.5\\custom_views\" directory does not exist. in C:\\Users\\Dell\\Downloads\\UltimatePOS-V6.5\\UltimatePOS-CodeBase-V6.5\\vendor\\symfony\\finder\\Finder.php:649
Stack trace:
#0 C:\\Users\\Dell\\Downloads\\UltimatePOS-V6.5\\UltimatePOS-CodeBase-V6.5\\vendor\\laravel\\framework\\src\\Illuminate\\Filesystem\\Filesystem.php(569): Symfony\\Component\\Finder\\Finder->in('C:\\\\Users\\\\Dell\\\\D...')
#1 Command line code(1): Illuminate\\Filesystem\\Filesystem->files('C:\\\\Users\\\\Dell\\\\D...')
#2 Command line code(1): getViews('C:\\\\Users\\\\Dell\\\\D...', Object(Illuminate\\Filesystem\\Filesystem))
#3 {main}
  thrown at C:\\Users\\Dell\\Downloads\\UltimatePOS-V6.5\\UltimatePOS-CodeBase-V6.5\\vendor\\symfony\\finder\\Finder.php:649)
[stacktrace]
#0 {main}
"} 
[2025-03-25 20:40:08] local.ERROR: Uncaught Symfony\Component\Finder\Exception\DirectoryNotFoundException: The "C:\Users\Dell\Downloads\UltimatePOS-V6.5\UltimatePOS-CodeBase-V6.5\custom_views" directory does not exist. in C:\Users\Dell\Downloads\UltimatePOS-V6.5\UltimatePOS-CodeBase-V6.5\vendor\symfony\finder\Finder.php:649
Stack trace:
#0 C:\Users\Dell\Downloads\UltimatePOS-V6.5\UltimatePOS-CodeBase-V6.5\vendor\laravel\framework\src\Illuminate\Filesystem\Filesystem.php(569): Symfony\Component\Finder\Finder->in('C:\\Users\\Dell\\D...')
#1 Command line code(1): Illuminate\Filesystem\Filesystem->files('C:\\Users\\Dell\\D...')
#2 Command line code(1): getViews('C:\\Users\\Dell\\D...', Object(Illuminate\Filesystem\Filesystem))
#3 {main}
  thrown {"exception":"[object] (Symfony\\Component\\ErrorHandler\\Error\\FatalError(code: 0): Uncaught Symfony\\Component\\Finder\\Exception\\DirectoryNotFoundException: The \"C:\\Users\\Dell\\Downloads\\UltimatePOS-V6.5\\UltimatePOS-CodeBase-V6.5\\custom_views\" directory does not exist. in C:\\Users\\Dell\\Downloads\\UltimatePOS-V6.5\\UltimatePOS-CodeBase-V6.5\\vendor\\symfony\\finder\\Finder.php:649
Stack trace:
#0 C:\\Users\\Dell\\Downloads\\UltimatePOS-V6.5\\UltimatePOS-CodeBase-V6.5\\vendor\\laravel\\framework\\src\\Illuminate\\Filesystem\\Filesystem.php(569): Symfony\\Component\\Finder\\Finder->in('C:\\\\Users\\\\Dell\\\\D...')
#1 Command line code(1): Illuminate\\Filesystem\\Filesystem->files('C:\\\\Users\\\\Dell\\\\D...')
#2 Command line code(1): getViews('C:\\\\Users\\\\Dell\\\\D...', Object(Illuminate\\Filesystem\\Filesystem))
#3 {main}
  thrown at C:\\Users\\Dell\\Downloads\\UltimatePOS-V6.5\\UltimatePOS-CodeBase-V6.5\\vendor\\symfony\\finder\\Finder.php:649)
[stacktrace]
#0 {main}
"} 
[2025-03-25 20:40:10] local.ERROR: Uncaught Symfony\Component\Finder\Exception\DirectoryNotFoundException: The "C:\Users\Dell\Downloads\UltimatePOS-V6.5\UltimatePOS-CodeBase-V6.5\custom_views" directory does not exist. in C:\Users\Dell\Downloads\UltimatePOS-V6.5\UltimatePOS-CodeBase-V6.5\vendor\symfony\finder\Finder.php:649
Stack trace:
#0 C:\Users\Dell\Downloads\UltimatePOS-V6.5\UltimatePOS-CodeBase-V6.5\vendor\laravel\framework\src\Illuminate\Filesystem\Filesystem.php(569): Symfony\Component\Finder\Finder->in('C:\\Users\\Dell\\D...')
#1 Command line code(1): Illuminate\Filesystem\Filesystem->files('C:\\Users\\Dell\\D...')
#2 Command line code(1): getViews('C:\\Users\\Dell\\D...', Object(Illuminate\Filesystem\Filesystem))
#3 {main}
  thrown {"exception":"[object] (Symfony\\Component\\ErrorHandler\\Error\\FatalError(code: 0): Uncaught Symfony\\Component\\Finder\\Exception\\DirectoryNotFoundException: The \"C:\\Users\\Dell\\Downloads\\UltimatePOS-V6.5\\UltimatePOS-CodeBase-V6.5\\custom_views\" directory does not exist. in C:\\Users\\Dell\\Downloads\\UltimatePOS-V6.5\\UltimatePOS-CodeBase-V6.5\\vendor\\symfony\\finder\\Finder.php:649
Stack trace:
#0 C:\\Users\\Dell\\Downloads\\UltimatePOS-V6.5\\UltimatePOS-CodeBase-V6.5\\vendor\\laravel\\framework\\src\\Illuminate\\Filesystem\\Filesystem.php(569): Symfony\\Component\\Finder\\Finder->in('C:\\\\Users\\\\Dell\\\\D...')
#1 Command line code(1): Illuminate\\Filesystem\\Filesystem->files('C:\\\\Users\\\\Dell\\\\D...')
#2 Command line code(1): getViews('C:\\\\Users\\\\Dell\\\\D...', Object(Illuminate\\Filesystem\\Filesystem))
#3 {main}
  thrown at C:\\Users\\Dell\\Downloads\\UltimatePOS-V6.5\\UltimatePOS-CodeBase-V6.5\\vendor\\symfony\\finder\\Finder.php:649)
[stacktrace]
#0 {main}
"} 
[2025-03-25 20:40:11] local.ERROR: Uncaught Symfony\Component\Finder\Exception\DirectoryNotFoundException: The "C:\Users\Dell\Downloads\UltimatePOS-V6.5\UltimatePOS-CodeBase-V6.5\custom_views" directory does not exist. in C:\Users\Dell\Downloads\UltimatePOS-V6.5\UltimatePOS-CodeBase-V6.5\vendor\symfony\finder\Finder.php:649
Stack trace:
#0 C:\Users\Dell\Downloads\UltimatePOS-V6.5\UltimatePOS-CodeBase-V6.5\vendor\laravel\framework\src\Illuminate\Filesystem\Filesystem.php(569): Symfony\Component\Finder\Finder->in('C:\\Users\\Dell\\D...')
#1 Command line code(1): Illuminate\Filesystem\Filesystem->files('C:\\Users\\Dell\\D...')
#2 Command line code(1): getViews('C:\\Users\\Dell\\D...', Object(Illuminate\Filesystem\Filesystem))
#3 {main}
  thrown {"exception":"[object] (Symfony\\Component\\ErrorHandler\\Error\\FatalError(code: 0): Uncaught Symfony\\Component\\Finder\\Exception\\DirectoryNotFoundException: The \"C:\\Users\\Dell\\Downloads\\UltimatePOS-V6.5\\UltimatePOS-CodeBase-V6.5\\custom_views\" directory does not exist. in C:\\Users\\Dell\\Downloads\\UltimatePOS-V6.5\\UltimatePOS-CodeBase-V6.5\\vendor\\symfony\\finder\\Finder.php:649
Stack trace:
#0 C:\\Users\\Dell\\Downloads\\UltimatePOS-V6.5\\UltimatePOS-CodeBase-V6.5\\vendor\\laravel\\framework\\src\\Illuminate\\Filesystem\\Filesystem.php(569): Symfony\\Component\\Finder\\Finder->in('C:\\\\Users\\\\Dell\\\\D...')
#1 Command line code(1): Illuminate\\Filesystem\\Filesystem->files('C:\\\\Users\\\\Dell\\\\D...')
#2 Command line code(1): getViews('C:\\\\Users\\\\Dell\\\\D...', Object(Illuminate\\Filesystem\\Filesystem))
#3 {main}
  thrown at C:\\Users\\Dell\\Downloads\\UltimatePOS-V6.5\\UltimatePOS-CodeBase-V6.5\\vendor\\symfony\\finder\\Finder.php:649)
[stacktrace]
#0 {main}
"} 
[2025-03-25 20:40:12] local.ERROR: Uncaught Symfony\Component\Finder\Exception\DirectoryNotFoundException: The "C:\Users\Dell\Downloads\UltimatePOS-V6.5\UltimatePOS-CodeBase-V6.5\custom_views" directory does not exist. in C:\Users\Dell\Downloads\UltimatePOS-V6.5\UltimatePOS-CodeBase-V6.5\vendor\symfony\finder\Finder.php:649
Stack trace:
#0 C:\Users\Dell\Downloads\UltimatePOS-V6.5\UltimatePOS-CodeBase-V6.5\vendor\laravel\framework\src\Illuminate\Filesystem\Filesystem.php(569): Symfony\Component\Finder\Finder->in('C:\\Users\\Dell\\D...')
#1 Command line code(1): Illuminate\Filesystem\Filesystem->files('C:\\Users\\Dell\\D...')
#2 Command line code(1): getViews('C:\\Users\\Dell\\D...', Object(Illuminate\Filesystem\Filesystem))
#3 {main}
  thrown {"exception":"[object] (Symfony\\Component\\ErrorHandler\\Error\\FatalError(code: 0): Uncaught Symfony\\Component\\Finder\\Exception\\DirectoryNotFoundException: The \"C:\\Users\\Dell\\Downloads\\UltimatePOS-V6.5\\UltimatePOS-CodeBase-V6.5\\custom_views\" directory does not exist. in C:\\Users\\Dell\\Downloads\\UltimatePOS-V6.5\\UltimatePOS-CodeBase-V6.5\\vendor\\symfony\\finder\\Finder.php:649
Stack trace:
#0 C:\\Users\\Dell\\Downloads\\UltimatePOS-V6.5\\UltimatePOS-CodeBase-V6.5\\vendor\\laravel\\framework\\src\\Illuminate\\Filesystem\\Filesystem.php(569): Symfony\\Component\\Finder\\Finder->in('C:\\\\Users\\\\Dell\\\\D...')
#1 Command line code(1): Illuminate\\Filesystem\\Filesystem->files('C:\\\\Users\\\\Dell\\\\D...')
#2 Command line code(1): getViews('C:\\\\Users\\\\Dell\\\\D...', Object(Illuminate\\Filesystem\\Filesystem))
#3 {main}
  thrown at C:\\Users\\Dell\\Downloads\\UltimatePOS-V6.5\\UltimatePOS-CodeBase-V6.5\\vendor\\symfony\\finder\\Finder.php:649)
[stacktrace]
#0 {main}
"} 
[2025-03-25 20:40:13] local.ERROR: Uncaught Symfony\Component\Finder\Exception\DirectoryNotFoundException: The "C:\Users\Dell\Downloads\UltimatePOS-V6.5\UltimatePOS-CodeBase-V6.5\custom_views" directory does not exist. in C:\Users\Dell\Downloads\UltimatePOS-V6.5\UltimatePOS-CodeBase-V6.5\vendor\symfony\finder\Finder.php:649
Stack trace:
#0 C:\Users\Dell\Downloads\UltimatePOS-V6.5\UltimatePOS-CodeBase-V6.5\vendor\laravel\framework\src\Illuminate\Filesystem\Filesystem.php(569): Symfony\Component\Finder\Finder->in('C:\\Users\\Dell\\D...')
#1 Command line code(1): Illuminate\Filesystem\Filesystem->files('C:\\Users\\Dell\\D...')
#2 Command line code(1): getViews('C:\\Users\\Dell\\D...', Object(Illuminate\Filesystem\Filesystem))
#3 {main}
  thrown {"exception":"[object] (Symfony\\Component\\ErrorHandler\\Error\\FatalError(code: 0): Uncaught Symfony\\Component\\Finder\\Exception\\DirectoryNotFoundException: The \"C:\\Users\\Dell\\Downloads\\UltimatePOS-V6.5\\UltimatePOS-CodeBase-V6.5\\custom_views\" directory does not exist. in C:\\Users\\Dell\\Downloads\\UltimatePOS-V6.5\\UltimatePOS-CodeBase-V6.5\\vendor\\symfony\\finder\\Finder.php:649
Stack trace:
#0 C:\\Users\\Dell\\Downloads\\UltimatePOS-V6.5\\UltimatePOS-CodeBase-V6.5\\vendor\\laravel\\framework\\src\\Illuminate\\Filesystem\\Filesystem.php(569): Symfony\\Component\\Finder\\Finder->in('C:\\\\Users\\\\Dell\\\\D...')
#1 Command line code(1): Illuminate\\Filesystem\\Filesystem->files('C:\\\\Users\\\\Dell\\\\D...')
#2 Command line code(1): getViews('C:\\\\Users\\\\Dell\\\\D...', Object(Illuminate\\Filesystem\\Filesystem))
#3 {main}
  thrown at C:\\Users\\Dell\\Downloads\\UltimatePOS-V6.5\\UltimatePOS-CodeBase-V6.5\\vendor\\symfony\\finder\\Finder.php:649)
[stacktrace]
#0 {main}
"} 
[2025-03-25 20:40:15] local.ERROR: Uncaught Symfony\Component\Finder\Exception\DirectoryNotFoundException: The "C:\Users\Dell\Downloads\UltimatePOS-V6.5\UltimatePOS-CodeBase-V6.5\custom_views" directory does not exist. in C:\Users\Dell\Downloads\UltimatePOS-V6.5\UltimatePOS-CodeBase-V6.5\vendor\symfony\finder\Finder.php:649
Stack trace:
#0 C:\Users\Dell\Downloads\UltimatePOS-V6.5\UltimatePOS-CodeBase-V6.5\vendor\laravel\framework\src\Illuminate\Filesystem\Filesystem.php(569): Symfony\Component\Finder\Finder->in('C:\\Users\\Dell\\D...')
#1 Command line code(1): Illuminate\Filesystem\Filesystem->files('C:\\Users\\Dell\\D...')
#2 Command line code(1): getViews('C:\\Users\\Dell\\D...', Object(Illuminate\Filesystem\Filesystem))
#3 {main}
  thrown {"exception":"[object] (Symfony\\Component\\ErrorHandler\\Error\\FatalError(code: 0): Uncaught Symfony\\Component\\Finder\\Exception\\DirectoryNotFoundException: The \"C:\\Users\\Dell\\Downloads\\UltimatePOS-V6.5\\UltimatePOS-CodeBase-V6.5\\custom_views\" directory does not exist. in C:\\Users\\Dell\\Downloads\\UltimatePOS-V6.5\\UltimatePOS-CodeBase-V6.5\\vendor\\symfony\\finder\\Finder.php:649
Stack trace:
#0 C:\\Users\\Dell\\Downloads\\UltimatePOS-V6.5\\UltimatePOS-CodeBase-V6.5\\vendor\\laravel\\framework\\src\\Illuminate\\Filesystem\\Filesystem.php(569): Symfony\\Component\\Finder\\Finder->in('C:\\\\Users\\\\Dell\\\\D...')
#1 Command line code(1): Illuminate\\Filesystem\\Filesystem->files('C:\\\\Users\\\\Dell\\\\D...')
#2 Command line code(1): getViews('C:\\\\Users\\\\Dell\\\\D...', Object(Illuminate\\Filesystem\\Filesystem))
#3 {main}
  thrown at C:\\Users\\Dell\\Downloads\\UltimatePOS-V6.5\\UltimatePOS-CodeBase-V6.5\\vendor\\symfony\\finder\\Finder.php:649)
[stacktrace]
#0 {main}
"} 
[2025-03-25 20:40:16] local.ERROR: Uncaught Symfony\Component\Finder\Exception\DirectoryNotFoundException: The "C:\Users\Dell\Downloads\UltimatePOS-V6.5\UltimatePOS-CodeBase-V6.5\custom_views" directory does not exist. in C:\Users\Dell\Downloads\UltimatePOS-V6.5\UltimatePOS-CodeBase-V6.5\vendor\symfony\finder\Finder.php:649
Stack trace:
#0 C:\Users\Dell\Downloads\UltimatePOS-V6.5\UltimatePOS-CodeBase-V6.5\vendor\laravel\framework\src\Illuminate\Filesystem\Filesystem.php(569): Symfony\Component\Finder\Finder->in('C:\\Users\\Dell\\D...')
#1 Command line code(1): Illuminate\Filesystem\Filesystem->files('C:\\Users\\Dell\\D...')
#2 Command line code(1): getViews('C:\\Users\\Dell\\D...', Object(Illuminate\Filesystem\Filesystem))
#3 {main}
  thrown {"exception":"[object] (Symfony\\Component\\ErrorHandler\\Error\\FatalError(code: 0): Uncaught Symfony\\Component\\Finder\\Exception\\DirectoryNotFoundException: The \"C:\\Users\\Dell\\Downloads\\UltimatePOS-V6.5\\UltimatePOS-CodeBase-V6.5\\custom_views\" directory does not exist. in C:\\Users\\Dell\\Downloads\\UltimatePOS-V6.5\\UltimatePOS-CodeBase-V6.5\\vendor\\symfony\\finder\\Finder.php:649
Stack trace:
#0 C:\\Users\\Dell\\Downloads\\UltimatePOS-V6.5\\UltimatePOS-CodeBase-V6.5\\vendor\\laravel\\framework\\src\\Illuminate\\Filesystem\\Filesystem.php(569): Symfony\\Component\\Finder\\Finder->in('C:\\\\Users\\\\Dell\\\\D...')
#1 Command line code(1): Illuminate\\Filesystem\\Filesystem->files('C:\\\\Users\\\\Dell\\\\D...')
#2 Command line code(1): getViews('C:\\\\Users\\\\Dell\\\\D...', Object(Illuminate\\Filesystem\\Filesystem))
#3 {main}
  thrown at C:\\Users\\Dell\\Downloads\\UltimatePOS-V6.5\\UltimatePOS-CodeBase-V6.5\\vendor\\symfony\\finder\\Finder.php:649)
[stacktrace]
#0 {main}
"} 
[2025-03-25 20:40:17] local.ERROR: Uncaught Symfony\Component\Finder\Exception\DirectoryNotFoundException: The "C:\Users\Dell\Downloads\UltimatePOS-V6.5\UltimatePOS-CodeBase-V6.5\custom_views" directory does not exist. in C:\Users\Dell\Downloads\UltimatePOS-V6.5\UltimatePOS-CodeBase-V6.5\vendor\symfony\finder\Finder.php:649
Stack trace:
#0 C:\Users\Dell\Downloads\UltimatePOS-V6.5\UltimatePOS-CodeBase-V6.5\vendor\laravel\framework\src\Illuminate\Filesystem\Filesystem.php(569): Symfony\Component\Finder\Finder->in('C:\\Users\\Dell\\D...')
#1 Command line code(1): Illuminate\Filesystem\Filesystem->files('C:\\Users\\Dell\\D...')
#2 Command line code(1): getViews('C:\\Users\\Dell\\D...', Object(Illuminate\Filesystem\Filesystem))
#3 {main}
  thrown {"exception":"[object] (Symfony\\Component\\ErrorHandler\\Error\\FatalError(code: 0): Uncaught Symfony\\Component\\Finder\\Exception\\DirectoryNotFoundException: The \"C:\\Users\\Dell\\Downloads\\UltimatePOS-V6.5\\UltimatePOS-CodeBase-V6.5\\custom_views\" directory does not exist. in C:\\Users\\Dell\\Downloads\\UltimatePOS-V6.5\\UltimatePOS-CodeBase-V6.5\\vendor\\symfony\\finder\\Finder.php:649
Stack trace:
#0 C:\\Users\\Dell\\Downloads\\UltimatePOS-V6.5\\UltimatePOS-CodeBase-V6.5\\vendor\\laravel\\framework\\src\\Illuminate\\Filesystem\\Filesystem.php(569): Symfony\\Component\\Finder\\Finder->in('C:\\\\Users\\\\Dell\\\\D...')
#1 Command line code(1): Illuminate\\Filesystem\\Filesystem->files('C:\\\\Users\\\\Dell\\\\D...')
#2 Command line code(1): getViews('C:\\\\Users\\\\Dell\\\\D...', Object(Illuminate\\Filesystem\\Filesystem))
#3 {main}
  thrown at C:\\Users\\Dell\\Downloads\\UltimatePOS-V6.5\\UltimatePOS-CodeBase-V6.5\\vendor\\symfony\\finder\\Finder.php:649)
[stacktrace]
#0 {main}
"} 
[2025-03-25 20:40:18] local.ERROR: Uncaught Symfony\Component\Finder\Exception\DirectoryNotFoundException: The "C:\Users\Dell\Downloads\UltimatePOS-V6.5\UltimatePOS-CodeBase-V6.5\custom_views" directory does not exist. in C:\Users\Dell\Downloads\UltimatePOS-V6.5\UltimatePOS-CodeBase-V6.5\vendor\symfony\finder\Finder.php:649
Stack trace:
#0 C:\Users\Dell\Downloads\UltimatePOS-V6.5\UltimatePOS-CodeBase-V6.5\vendor\laravel\framework\src\Illuminate\Filesystem\Filesystem.php(569): Symfony\Component\Finder\Finder->in('C:\\Users\\Dell\\D...')
#1 Command line code(1): Illuminate\Filesystem\Filesystem->files('C:\\Users\\Dell\\D...')
#2 Command line code(1): getViews('C:\\Users\\Dell\\D...', Object(Illuminate\Filesystem\Filesystem))
#3 {main}
  thrown {"exception":"[object] (Symfony\\Component\\ErrorHandler\\Error\\FatalError(code: 0): Uncaught Symfony\\Component\\Finder\\Exception\\DirectoryNotFoundException: The \"C:\\Users\\Dell\\Downloads\\UltimatePOS-V6.5\\UltimatePOS-CodeBase-V6.5\\custom_views\" directory does not exist. in C:\\Users\\Dell\\Downloads\\UltimatePOS-V6.5\\UltimatePOS-CodeBase-V6.5\\vendor\\symfony\\finder\\Finder.php:649
Stack trace:
#0 C:\\Users\\Dell\\Downloads\\UltimatePOS-V6.5\\UltimatePOS-CodeBase-V6.5\\vendor\\laravel\\framework\\src\\Illuminate\\Filesystem\\Filesystem.php(569): Symfony\\Component\\Finder\\Finder->in('C:\\\\Users\\\\Dell\\\\D...')
#1 Command line code(1): Illuminate\\Filesystem\\Filesystem->files('C:\\\\Users\\\\Dell\\\\D...')
#2 Command line code(1): getViews('C:\\\\Users\\\\Dell\\\\D...', Object(Illuminate\\Filesystem\\Filesystem))
#3 {main}
  thrown at C:\\Users\\Dell\\Downloads\\UltimatePOS-V6.5\\UltimatePOS-CodeBase-V6.5\\vendor\\symfony\\finder\\Finder.php:649)
[stacktrace]
#0 {main}
"} 
[2025-03-25 20:40:20] local.ERROR: Uncaught Symfony\Component\Finder\Exception\DirectoryNotFoundException: The "C:\Users\Dell\Downloads\UltimatePOS-V6.5\UltimatePOS-CodeBase-V6.5\custom_views" directory does not exist. in C:\Users\Dell\Downloads\UltimatePOS-V6.5\UltimatePOS-CodeBase-V6.5\vendor\symfony\finder\Finder.php:649
Stack trace:
#0 C:\Users\Dell\Downloads\UltimatePOS-V6.5\UltimatePOS-CodeBase-V6.5\vendor\laravel\framework\src\Illuminate\Filesystem\Filesystem.php(569): Symfony\Component\Finder\Finder->in('C:\\Users\\Dell\\D...')
#1 Command line code(1): Illuminate\Filesystem\Filesystem->files('C:\\Users\\Dell\\D...')
#2 Command line code(1): getViews('C:\\Users\\Dell\\D...', Object(Illuminate\Filesystem\Filesystem))
#3 {main}
  thrown {"exception":"[object] (Symfony\\Component\\ErrorHandler\\Error\\FatalError(code: 0): Uncaught Symfony\\Component\\Finder\\Exception\\DirectoryNotFoundException: The \"C:\\Users\\Dell\\Downloads\\UltimatePOS-V6.5\\UltimatePOS-CodeBase-V6.5\\custom_views\" directory does not exist. in C:\\Users\\Dell\\Downloads\\UltimatePOS-V6.5\\UltimatePOS-CodeBase-V6.5\\vendor\\symfony\\finder\\Finder.php:649
Stack trace:
#0 C:\\Users\\Dell\\Downloads\\UltimatePOS-V6.5\\UltimatePOS-CodeBase-V6.5\\vendor\\laravel\\framework\\src\\Illuminate\\Filesystem\\Filesystem.php(569): Symfony\\Component\\Finder\\Finder->in('C:\\\\Users\\\\Dell\\\\D...')
#1 Command line code(1): Illuminate\\Filesystem\\Filesystem->files('C:\\\\Users\\\\Dell\\\\D...')
#2 Command line code(1): getViews('C:\\\\Users\\\\Dell\\\\D...', Object(Illuminate\\Filesystem\\Filesystem))
#3 {main}
  thrown at C:\\Users\\Dell\\Downloads\\UltimatePOS-V6.5\\UltimatePOS-CodeBase-V6.5\\vendor\\symfony\\finder\\Finder.php:649)
[stacktrace]
#0 {main}
"} 
[2025-03-25 20:40:21] local.ERROR: Uncaught Symfony\Component\Finder\Exception\DirectoryNotFoundException: The "C:\Users\Dell\Downloads\UltimatePOS-V6.5\UltimatePOS-CodeBase-V6.5\custom_views" directory does not exist. in C:\Users\Dell\Downloads\UltimatePOS-V6.5\UltimatePOS-CodeBase-V6.5\vendor\symfony\finder\Finder.php:649
Stack trace:
#0 C:\Users\Dell\Downloads\UltimatePOS-V6.5\UltimatePOS-CodeBase-V6.5\vendor\laravel\framework\src\Illuminate\Filesystem\Filesystem.php(569): Symfony\Component\Finder\Finder->in('C:\\Users\\Dell\\D...')
#1 Command line code(1): Illuminate\Filesystem\Filesystem->files('C:\\Users\\Dell\\D...')
#2 Command line code(1): getViews('C:\\Users\\Dell\\D...', Object(Illuminate\Filesystem\Filesystem))
#3 {main}
  thrown {"exception":"[object] (Symfony\\Component\\ErrorHandler\\Error\\FatalError(code: 0): Uncaught Symfony\\Component\\Finder\\Exception\\DirectoryNotFoundException: The \"C:\\Users\\Dell\\Downloads\\UltimatePOS-V6.5\\UltimatePOS-CodeBase-V6.5\\custom_views\" directory does not exist. in C:\\Users\\Dell\\Downloads\\UltimatePOS-V6.5\\UltimatePOS-CodeBase-V6.5\\vendor\\symfony\\finder\\Finder.php:649
Stack trace:
#0 C:\\Users\\Dell\\Downloads\\UltimatePOS-V6.5\\UltimatePOS-CodeBase-V6.5\\vendor\\laravel\\framework\\src\\Illuminate\\Filesystem\\Filesystem.php(569): Symfony\\Component\\Finder\\Finder->in('C:\\\\Users\\\\Dell\\\\D...')
#1 Command line code(1): Illuminate\\Filesystem\\Filesystem->files('C:\\\\Users\\\\Dell\\\\D...')
#2 Command line code(1): getViews('C:\\\\Users\\\\Dell\\\\D...', Object(Illuminate\\Filesystem\\Filesystem))
#3 {main}
  thrown at C:\\Users\\Dell\\Downloads\\UltimatePOS-V6.5\\UltimatePOS-CodeBase-V6.5\\vendor\\symfony\\finder\\Finder.php:649)
[stacktrace]
#0 {main}
"} 
[2025-03-25 20:40:22] local.ERROR: Uncaught Symfony\Component\Finder\Exception\DirectoryNotFoundException: The "C:\Users\Dell\Downloads\UltimatePOS-V6.5\UltimatePOS-CodeBase-V6.5\custom_views" directory does not exist. in C:\Users\Dell\Downloads\UltimatePOS-V6.5\UltimatePOS-CodeBase-V6.5\vendor\symfony\finder\Finder.php:649
Stack trace:
#0 C:\Users\Dell\Downloads\UltimatePOS-V6.5\UltimatePOS-CodeBase-V6.5\vendor\laravel\framework\src\Illuminate\Filesystem\Filesystem.php(569): Symfony\Component\Finder\Finder->in('C:\\Users\\Dell\\D...')
#1 Command line code(1): Illuminate\Filesystem\Filesystem->files('C:\\Users\\Dell\\D...')
#2 Command line code(1): getViews('C:\\Users\\Dell\\D...', Object(Illuminate\Filesystem\Filesystem))
#3 {main}
  thrown {"exception":"[object] (Symfony\\Component\\ErrorHandler\\Error\\FatalError(code: 0): Uncaught Symfony\\Component\\Finder\\Exception\\DirectoryNotFoundException: The \"C:\\Users\\Dell\\Downloads\\UltimatePOS-V6.5\\UltimatePOS-CodeBase-V6.5\\custom_views\" directory does not exist. in C:\\Users\\Dell\\Downloads\\UltimatePOS-V6.5\\UltimatePOS-CodeBase-V6.5\\vendor\\symfony\\finder\\Finder.php:649
Stack trace:
#0 C:\\Users\\Dell\\Downloads\\UltimatePOS-V6.5\\UltimatePOS-CodeBase-V6.5\\vendor\\laravel\\framework\\src\\Illuminate\\Filesystem\\Filesystem.php(569): Symfony\\Component\\Finder\\Finder->in('C:\\\\Users\\\\Dell\\\\D...')
#1 Command line code(1): Illuminate\\Filesystem\\Filesystem->files('C:\\\\Users\\\\Dell\\\\D...')
#2 Command line code(1): getViews('C:\\\\Users\\\\Dell\\\\D...', Object(Illuminate\\Filesystem\\Filesystem))
#3 {main}
  thrown at C:\\Users\\Dell\\Downloads\\UltimatePOS-V6.5\\UltimatePOS-CodeBase-V6.5\\vendor\\symfony\\finder\\Finder.php:649)
[stacktrace]
#0 {main}
"} 
[2025-03-25 20:40:23] local.ERROR: Uncaught Symfony\Component\Finder\Exception\DirectoryNotFoundException: The "C:\Users\Dell\Downloads\UltimatePOS-V6.5\UltimatePOS-CodeBase-V6.5\custom_views" directory does not exist. in C:\Users\Dell\Downloads\UltimatePOS-V6.5\UltimatePOS-CodeBase-V6.5\vendor\symfony\finder\Finder.php:649
Stack trace:
#0 C:\Users\Dell\Downloads\UltimatePOS-V6.5\UltimatePOS-CodeBase-V6.5\vendor\laravel\framework\src\Illuminate\Filesystem\Filesystem.php(569): Symfony\Component\Finder\Finder->in('C:\\Users\\Dell\\D...')
#1 Command line code(1): Illuminate\Filesystem\Filesystem->files('C:\\Users\\Dell\\D...')
#2 Command line code(1): getViews('C:\\Users\\Dell\\D...', Object(Illuminate\Filesystem\Filesystem))
#3 {main}
  thrown {"exception":"[object] (Symfony\\Component\\ErrorHandler\\Error\\FatalError(code: 0): Uncaught Symfony\\Component\\Finder\\Exception\\DirectoryNotFoundException: The \"C:\\Users\\Dell\\Downloads\\UltimatePOS-V6.5\\UltimatePOS-CodeBase-V6.5\\custom_views\" directory does not exist. in C:\\Users\\Dell\\Downloads\\UltimatePOS-V6.5\\UltimatePOS-CodeBase-V6.5\\vendor\\symfony\\finder\\Finder.php:649
Stack trace:
#0 C:\\Users\\Dell\\Downloads\\UltimatePOS-V6.5\\UltimatePOS-CodeBase-V6.5\\vendor\\laravel\\framework\\src\\Illuminate\\Filesystem\\Filesystem.php(569): Symfony\\Component\\Finder\\Finder->in('C:\\\\Users\\\\Dell\\\\D...')
#1 Command line code(1): Illuminate\\Filesystem\\Filesystem->files('C:\\\\Users\\\\Dell\\\\D...')
#2 Command line code(1): getViews('C:\\\\Users\\\\Dell\\\\D...', Object(Illuminate\\Filesystem\\Filesystem))
#3 {main}
  thrown at C:\\Users\\Dell\\Downloads\\UltimatePOS-V6.5\\UltimatePOS-CodeBase-V6.5\\vendor\\symfony\\finder\\Finder.php:649)
[stacktrace]
#0 {main}
"} 
[2025-03-25 20:40:25] local.ERROR: Uncaught Symfony\Component\Finder\Exception\DirectoryNotFoundException: The "C:\Users\Dell\Downloads\UltimatePOS-V6.5\UltimatePOS-CodeBase-V6.5\custom_views" directory does not exist. in C:\Users\Dell\Downloads\UltimatePOS-V6.5\UltimatePOS-CodeBase-V6.5\vendor\symfony\finder\Finder.php:649
Stack trace:
#0 C:\Users\Dell\Downloads\UltimatePOS-V6.5\UltimatePOS-CodeBase-V6.5\vendor\laravel\framework\src\Illuminate\Filesystem\Filesystem.php(569): Symfony\Component\Finder\Finder->in('C:\\Users\\Dell\\D...')
#1 Command line code(1): Illuminate\Filesystem\Filesystem->files('C:\\Users\\Dell\\D...')
#2 Command line code(1): getViews('C:\\Users\\Dell\\D...', Object(Illuminate\Filesystem\Filesystem))
#3 {main}
  thrown {"exception":"[object] (Symfony\\Component\\ErrorHandler\\Error\\FatalError(code: 0): Uncaught Symfony\\Component\\Finder\\Exception\\DirectoryNotFoundException: The \"C:\\Users\\Dell\\Downloads\\UltimatePOS-V6.5\\UltimatePOS-CodeBase-V6.5\\custom_views\" directory does not exist. in C:\\Users\\Dell\\Downloads\\UltimatePOS-V6.5\\UltimatePOS-CodeBase-V6.5\\vendor\\symfony\\finder\\Finder.php:649
Stack trace:
#0 C:\\Users\\Dell\\Downloads\\UltimatePOS-V6.5\\UltimatePOS-CodeBase-V6.5\\vendor\\laravel\\framework\\src\\Illuminate\\Filesystem\\Filesystem.php(569): Symfony\\Component\\Finder\\Finder->in('C:\\\\Users\\\\Dell\\\\D...')
#1 Command line code(1): Illuminate\\Filesystem\\Filesystem->files('C:\\\\Users\\\\Dell\\\\D...')
#2 Command line code(1): getViews('C:\\\\Users\\\\Dell\\\\D...', Object(Illuminate\\Filesystem\\Filesystem))
#3 {main}
  thrown at C:\\Users\\Dell\\Downloads\\UltimatePOS-V6.5\\UltimatePOS-CodeBase-V6.5\\vendor\\symfony\\finder\\Finder.php:649)
[stacktrace]
#0 {main}
"} 
[2025-03-25 20:40:26] local.ERROR: Uncaught Symfony\Component\Finder\Exception\DirectoryNotFoundException: The "C:\Users\Dell\Downloads\UltimatePOS-V6.5\UltimatePOS-CodeBase-V6.5\custom_views" directory does not exist. in C:\Users\Dell\Downloads\UltimatePOS-V6.5\UltimatePOS-CodeBase-V6.5\vendor\symfony\finder\Finder.php:649
Stack trace:
#0 C:\Users\Dell\Downloads\UltimatePOS-V6.5\UltimatePOS-CodeBase-V6.5\vendor\laravel\framework\src\Illuminate\Filesystem\Filesystem.php(569): Symfony\Component\Finder\Finder->in('C:\\Users\\Dell\\D...')
#1 Command line code(1): Illuminate\Filesystem\Filesystem->files('C:\\Users\\Dell\\D...')
#2 Command line code(1): getViews('C:\\Users\\Dell\\D...', Object(Illuminate\Filesystem\Filesystem))
#3 {main}
  thrown {"exception":"[object] (Symfony\\Component\\ErrorHandler\\Error\\FatalError(code: 0): Uncaught Symfony\\Component\\Finder\\Exception\\DirectoryNotFoundException: The \"C:\\Users\\Dell\\Downloads\\UltimatePOS-V6.5\\UltimatePOS-CodeBase-V6.5\\custom_views\" directory does not exist. in C:\\Users\\Dell\\Downloads\\UltimatePOS-V6.5\\UltimatePOS-CodeBase-V6.5\\vendor\\symfony\\finder\\Finder.php:649
Stack trace:
#0 C:\\Users\\Dell\\Downloads\\UltimatePOS-V6.5\\UltimatePOS-CodeBase-V6.5\\vendor\\laravel\\framework\\src\\Illuminate\\Filesystem\\Filesystem.php(569): Symfony\\Component\\Finder\\Finder->in('C:\\\\Users\\\\Dell\\\\D...')
#1 Command line code(1): Illuminate\\Filesystem\\Filesystem->files('C:\\\\Users\\\\Dell\\\\D...')
#2 Command line code(1): getViews('C:\\\\Users\\\\Dell\\\\D...', Object(Illuminate\\Filesystem\\Filesystem))
#3 {main}
  thrown at C:\\Users\\Dell\\Downloads\\UltimatePOS-V6.5\\UltimatePOS-CodeBase-V6.5\\vendor\\symfony\\finder\\Finder.php:649)
[stacktrace]
#0 {main}
"} 
[2025-03-25 20:40:27] local.ERROR: Uncaught ReflectionException: Class "App\Policies\ModelPolicy" does not exist in Command line code:1
Stack trace:
#0 Command line code(1): ReflectionClass->__construct('App\\Policies\\Mo...')
#1 [internal function]: {closure}('App\\Policies\\Mo...', 'App\\Model')
#2 Command line code(1): array_map(Object(Closure), Array, Array)
#3 {main}
  thrown {"exception":"[object] (Symfony\\Component\\ErrorHandler\\Error\\FatalError(code: 0): Uncaught ReflectionException: Class \"App\\Policies\\ModelPolicy\" does not exist in Command line code:1
Stack trace:
#0 Command line code(1): ReflectionClass->__construct('App\\\\Policies\\\\Mo...')
#1 [internal function]: {closure}('App\\\\Policies\\\\Mo...', 'App\\\\Model')
#2 Command line code(1): array_map(Object(Closure), Array, Array)
#3 {main}
  thrown at Command line code:1)
[stacktrace]
#0 {main}
"} 
[2025-03-25 20:40:28] local.ERROR: Uncaught Symfony\Component\Finder\Exception\DirectoryNotFoundException: The "C:\Users\Dell\Downloads\UltimatePOS-V6.5\UltimatePOS-CodeBase-V6.5\custom_views" directory does not exist. in C:\Users\Dell\Downloads\UltimatePOS-V6.5\UltimatePOS-CodeBase-V6.5\vendor\symfony\finder\Finder.php:649
Stack trace:
#0 C:\Users\Dell\Downloads\UltimatePOS-V6.5\UltimatePOS-CodeBase-V6.5\vendor\laravel\framework\src\Illuminate\Filesystem\Filesystem.php(569): Symfony\Component\Finder\Finder->in('C:\\Users\\Dell\\D...')
#1 Command line code(1): Illuminate\Filesystem\Filesystem->files('C:\\Users\\Dell\\D...')
#2 Command line code(1): getViews('C:\\Users\\Dell\\D...', Object(Illuminate\Filesystem\Filesystem))
#3 {main}
  thrown {"exception":"[object] (Symfony\\Component\\ErrorHandler\\Error\\FatalError(code: 0): Uncaught Symfony\\Component\\Finder\\Exception\\DirectoryNotFoundException: The \"C:\\Users\\Dell\\Downloads\\UltimatePOS-V6.5\\UltimatePOS-CodeBase-V6.5\\custom_views\" directory does not exist. in C:\\Users\\Dell\\Downloads\\UltimatePOS-V6.5\\UltimatePOS-CodeBase-V6.5\\vendor\\symfony\\finder\\Finder.php:649
Stack trace:
#0 C:\\Users\\Dell\\Downloads\\UltimatePOS-V6.5\\UltimatePOS-CodeBase-V6.5\\vendor\\laravel\\framework\\src\\Illuminate\\Filesystem\\Filesystem.php(569): Symfony\\Component\\Finder\\Finder->in('C:\\\\Users\\\\Dell\\\\D...')
#1 Command line code(1): Illuminate\\Filesystem\\Filesystem->files('C:\\\\Users\\\\Dell\\\\D...')
#2 Command line code(1): getViews('C:\\\\Users\\\\Dell\\\\D...', Object(Illuminate\\Filesystem\\Filesystem))
#3 {main}
  thrown at C:\\Users\\Dell\\Downloads\\UltimatePOS-V6.5\\UltimatePOS-CodeBase-V6.5\\vendor\\symfony\\finder\\Finder.php:649)
[stacktrace]
#0 {main}
"} 
[2025-03-25 20:40:30] local.ERROR: Uncaught Symfony\Component\Finder\Exception\DirectoryNotFoundException: The "C:\Users\Dell\Downloads\UltimatePOS-V6.5\UltimatePOS-CodeBase-V6.5\custom_views" directory does not exist. in C:\Users\Dell\Downloads\UltimatePOS-V6.5\UltimatePOS-CodeBase-V6.5\vendor\symfony\finder\Finder.php:649
Stack trace:
#0 C:\Users\Dell\Downloads\UltimatePOS-V6.5\UltimatePOS-CodeBase-V6.5\vendor\laravel\framework\src\Illuminate\Filesystem\Filesystem.php(569): Symfony\Component\Finder\Finder->in('C:\\Users\\Dell\\D...')
#1 Command line code(1): Illuminate\Filesystem\Filesystem->files('C:\\Users\\Dell\\D...')
#2 Command line code(1): getViews('C:\\Users\\Dell\\D...', Object(Illuminate\Filesystem\Filesystem))
#3 {main}
  thrown {"exception":"[object] (Symfony\\Component\\ErrorHandler\\Error\\FatalError(code: 0): Uncaught Symfony\\Component\\Finder\\Exception\\DirectoryNotFoundException: The \"C:\\Users\\Dell\\Downloads\\UltimatePOS-V6.5\\UltimatePOS-CodeBase-V6.5\\custom_views\" directory does not exist. in C:\\Users\\Dell\\Downloads\\UltimatePOS-V6.5\\UltimatePOS-CodeBase-V6.5\\vendor\\symfony\\finder\\Finder.php:649
Stack trace:
#0 C:\\Users\\Dell\\Downloads\\UltimatePOS-V6.5\\UltimatePOS-CodeBase-V6.5\\vendor\\laravel\\framework\\src\\Illuminate\\Filesystem\\Filesystem.php(569): Symfony\\Component\\Finder\\Finder->in('C:\\\\Users\\\\Dell\\\\D...')
#1 Command line code(1): Illuminate\\Filesystem\\Filesystem->files('C:\\\\Users\\\\Dell\\\\D...')
#2 Command line code(1): getViews('C:\\\\Users\\\\Dell\\\\D...', Object(Illuminate\\Filesystem\\Filesystem))
#3 {main}
  thrown at C:\\Users\\Dell\\Downloads\\UltimatePOS-V6.5\\UltimatePOS-CodeBase-V6.5\\vendor\\symfony\\finder\\Finder.php:649)
[stacktrace]
#0 {main}
"} 
[2025-03-25 20:40:31] local.ERROR: Uncaught Symfony\Component\Finder\Exception\DirectoryNotFoundException: The "C:\Users\Dell\Downloads\UltimatePOS-V6.5\UltimatePOS-CodeBase-V6.5\custom_views" directory does not exist. in C:\Users\Dell\Downloads\UltimatePOS-V6.5\UltimatePOS-CodeBase-V6.5\vendor\symfony\finder\Finder.php:649
Stack trace:
#0 C:\Users\Dell\Downloads\UltimatePOS-V6.5\UltimatePOS-CodeBase-V6.5\vendor\laravel\framework\src\Illuminate\Filesystem\Filesystem.php(569): Symfony\Component\Finder\Finder->in('C:\\Users\\Dell\\D...')
#1 Command line code(1): Illuminate\Filesystem\Filesystem->files('C:\\Users\\Dell\\D...')
#2 Command line code(1): getViews('C:\\Users\\Dell\\D...', Object(Illuminate\Filesystem\Filesystem))
#3 {main}
  thrown {"exception":"[object] (Symfony\\Component\\ErrorHandler\\Error\\FatalError(code: 0): Uncaught Symfony\\Component\\Finder\\Exception\\DirectoryNotFoundException: The \"C:\\Users\\Dell\\Downloads\\UltimatePOS-V6.5\\UltimatePOS-CodeBase-V6.5\\custom_views\" directory does not exist. in C:\\Users\\Dell\\Downloads\\UltimatePOS-V6.5\\UltimatePOS-CodeBase-V6.5\\vendor\\symfony\\finder\\Finder.php:649
Stack trace:
#0 C:\\Users\\Dell\\Downloads\\UltimatePOS-V6.5\\UltimatePOS-CodeBase-V6.5\\vendor\\laravel\\framework\\src\\Illuminate\\Filesystem\\Filesystem.php(569): Symfony\\Component\\Finder\\Finder->in('C:\\\\Users\\\\Dell\\\\D...')
#1 Command line code(1): Illuminate\\Filesystem\\Filesystem->files('C:\\\\Users\\\\Dell\\\\D...')
#2 Command line code(1): getViews('C:\\\\Users\\\\Dell\\\\D...', Object(Illuminate\\Filesystem\\Filesystem))
#3 {main}
  thrown at C:\\Users\\Dell\\Downloads\\UltimatePOS-V6.5\\UltimatePOS-CodeBase-V6.5\\vendor\\symfony\\finder\\Finder.php:649)
[stacktrace]
#0 {main}
"} 
[2025-03-25 20:40:32] local.ERROR: Uncaught Symfony\Component\Finder\Exception\DirectoryNotFoundException: The "C:\Users\Dell\Downloads\UltimatePOS-V6.5\UltimatePOS-CodeBase-V6.5\custom_views" directory does not exist. in C:\Users\Dell\Downloads\UltimatePOS-V6.5\UltimatePOS-CodeBase-V6.5\vendor\symfony\finder\Finder.php:649
Stack trace:
#0 C:\Users\Dell\Downloads\UltimatePOS-V6.5\UltimatePOS-CodeBase-V6.5\vendor\laravel\framework\src\Illuminate\Filesystem\Filesystem.php(569): Symfony\Component\Finder\Finder->in('C:\\Users\\Dell\\D...')
#1 Command line code(1): Illuminate\Filesystem\Filesystem->files('C:\\Users\\Dell\\D...')
#2 Command line code(1): getViews('C:\\Users\\Dell\\D...', Object(Illuminate\Filesystem\Filesystem))
#3 {main}
  thrown {"exception":"[object] (Symfony\\Component\\ErrorHandler\\Error\\FatalError(code: 0): Uncaught Symfony\\Component\\Finder\\Exception\\DirectoryNotFoundException: The \"C:\\Users\\Dell\\Downloads\\UltimatePOS-V6.5\\UltimatePOS-CodeBase-V6.5\\custom_views\" directory does not exist. in C:\\Users\\Dell\\Downloads\\UltimatePOS-V6.5\\UltimatePOS-CodeBase-V6.5\\vendor\\symfony\\finder\\Finder.php:649
Stack trace:
#0 C:\\Users\\Dell\\Downloads\\UltimatePOS-V6.5\\UltimatePOS-CodeBase-V6.5\\vendor\\laravel\\framework\\src\\Illuminate\\Filesystem\\Filesystem.php(569): Symfony\\Component\\Finder\\Finder->in('C:\\\\Users\\\\Dell\\\\D...')
#1 Command line code(1): Illuminate\\Filesystem\\Filesystem->files('C:\\\\Users\\\\Dell\\\\D...')
#2 Command line code(1): getViews('C:\\\\Users\\\\Dell\\\\D...', Object(Illuminate\\Filesystem\\Filesystem))
#3 {main}
  thrown at C:\\Users\\Dell\\Downloads\\UltimatePOS-V6.5\\UltimatePOS-CodeBase-V6.5\\vendor\\symfony\\finder\\Finder.php:649)
[stacktrace]
#0 {main}
"} 
[2025-03-25 20:40:33] local.ERROR: Uncaught Symfony\Component\Finder\Exception\DirectoryNotFoundException: The "C:\Users\Dell\Downloads\UltimatePOS-V6.5\UltimatePOS-CodeBase-V6.5\custom_views" directory does not exist. in C:\Users\Dell\Downloads\UltimatePOS-V6.5\UltimatePOS-CodeBase-V6.5\vendor\symfony\finder\Finder.php:649
Stack trace:
#0 C:\Users\Dell\Downloads\UltimatePOS-V6.5\UltimatePOS-CodeBase-V6.5\vendor\laravel\framework\src\Illuminate\Filesystem\Filesystem.php(569): Symfony\Component\Finder\Finder->in('C:\\Users\\Dell\\D...')
#1 Command line code(1): Illuminate\Filesystem\Filesystem->files('C:\\Users\\Dell\\D...')
#2 Command line code(1): getViews('C:\\Users\\Dell\\D...', Object(Illuminate\Filesystem\Filesystem))
#3 {main}
  thrown {"exception":"[object] (Symfony\\Component\\ErrorHandler\\Error\\FatalError(code: 0): Uncaught Symfony\\Component\\Finder\\Exception\\DirectoryNotFoundException: The \"C:\\Users\\Dell\\Downloads\\UltimatePOS-V6.5\\UltimatePOS-CodeBase-V6.5\\custom_views\" directory does not exist. in C:\\Users\\Dell\\Downloads\\UltimatePOS-V6.5\\UltimatePOS-CodeBase-V6.5\\vendor\\symfony\\finder\\Finder.php:649
Stack trace:
#0 C:\\Users\\Dell\\Downloads\\UltimatePOS-V6.5\\UltimatePOS-CodeBase-V6.5\\vendor\\laravel\\framework\\src\\Illuminate\\Filesystem\\Filesystem.php(569): Symfony\\Component\\Finder\\Finder->in('C:\\\\Users\\\\Dell\\\\D...')
#1 Command line code(1): Illuminate\\Filesystem\\Filesystem->files('C:\\\\Users\\\\Dell\\\\D...')
#2 Command line code(1): getViews('C:\\\\Users\\\\Dell\\\\D...', Object(Illuminate\\Filesystem\\Filesystem))
#3 {main}
  thrown at C:\\Users\\Dell\\Downloads\\UltimatePOS-V6.5\\UltimatePOS-CodeBase-V6.5\\vendor\\symfony\\finder\\Finder.php:649)
[stacktrace]
#0 {main}
"} 
[2025-03-25 20:40:35] local.ERROR: Uncaught Symfony\Component\Finder\Exception\DirectoryNotFoundException: The "C:\Users\Dell\Downloads\UltimatePOS-V6.5\UltimatePOS-CodeBase-V6.5\custom_views" directory does not exist. in C:\Users\Dell\Downloads\UltimatePOS-V6.5\UltimatePOS-CodeBase-V6.5\vendor\symfony\finder\Finder.php:649
Stack trace:
#0 C:\Users\Dell\Downloads\UltimatePOS-V6.5\UltimatePOS-CodeBase-V6.5\vendor\laravel\framework\src\Illuminate\Filesystem\Filesystem.php(569): Symfony\Component\Finder\Finder->in('C:\\Users\\Dell\\D...')
#1 Command line code(1): Illuminate\Filesystem\Filesystem->files('C:\\Users\\Dell\\D...')
#2 Command line code(1): getViews('C:\\Users\\Dell\\D...', Object(Illuminate\Filesystem\Filesystem))
#3 {main}
  thrown {"exception":"[object] (Symfony\\Component\\ErrorHandler\\Error\\FatalError(code: 0): Uncaught Symfony\\Component\\Finder\\Exception\\DirectoryNotFoundException: The \"C:\\Users\\Dell\\Downloads\\UltimatePOS-V6.5\\UltimatePOS-CodeBase-V6.5\\custom_views\" directory does not exist. in C:\\Users\\Dell\\Downloads\\UltimatePOS-V6.5\\UltimatePOS-CodeBase-V6.5\\vendor\\symfony\\finder\\Finder.php:649
Stack trace:
#0 C:\\Users\\Dell\\Downloads\\UltimatePOS-V6.5\\UltimatePOS-CodeBase-V6.5\\vendor\\laravel\\framework\\src\\Illuminate\\Filesystem\\Filesystem.php(569): Symfony\\Component\\Finder\\Finder->in('C:\\\\Users\\\\Dell\\\\D...')
#1 Command line code(1): Illuminate\\Filesystem\\Filesystem->files('C:\\\\Users\\\\Dell\\\\D...')
#2 Command line code(1): getViews('C:\\\\Users\\\\Dell\\\\D...', Object(Illuminate\\Filesystem\\Filesystem))
#3 {main}
  thrown at C:\\Users\\Dell\\Downloads\\UltimatePOS-V6.5\\UltimatePOS-CodeBase-V6.5\\vendor\\symfony\\finder\\Finder.php:649)
[stacktrace]
#0 {main}
"} 
[2025-03-25 20:40:36] local.ERROR: Uncaught Symfony\Component\Finder\Exception\DirectoryNotFoundException: The "C:\Users\Dell\Downloads\UltimatePOS-V6.5\UltimatePOS-CodeBase-V6.5\custom_views" directory does not exist. in C:\Users\Dell\Downloads\UltimatePOS-V6.5\UltimatePOS-CodeBase-V6.5\vendor\symfony\finder\Finder.php:649
Stack trace:
#0 C:\Users\Dell\Downloads\UltimatePOS-V6.5\UltimatePOS-CodeBase-V6.5\vendor\laravel\framework\src\Illuminate\Filesystem\Filesystem.php(569): Symfony\Component\Finder\Finder->in('C:\\Users\\Dell\\D...')
#1 Command line code(1): Illuminate\Filesystem\Filesystem->files('C:\\Users\\Dell\\D...')
#2 Command line code(1): getViews('C:\\Users\\Dell\\D...', Object(Illuminate\Filesystem\Filesystem))
#3 {main}
  thrown {"exception":"[object] (Symfony\\Component\\ErrorHandler\\Error\\FatalError(code: 0): Uncaught Symfony\\Component\\Finder\\Exception\\DirectoryNotFoundException: The \"C:\\Users\\Dell\\Downloads\\UltimatePOS-V6.5\\UltimatePOS-CodeBase-V6.5\\custom_views\" directory does not exist. in C:\\Users\\Dell\\Downloads\\UltimatePOS-V6.5\\UltimatePOS-CodeBase-V6.5\\vendor\\symfony\\finder\\Finder.php:649
Stack trace:
#0 C:\\Users\\Dell\\Downloads\\UltimatePOS-V6.5\\UltimatePOS-CodeBase-V6.5\\vendor\\laravel\\framework\\src\\Illuminate\\Filesystem\\Filesystem.php(569): Symfony\\Component\\Finder\\Finder->in('C:\\\\Users\\\\Dell\\\\D...')
#1 Command line code(1): Illuminate\\Filesystem\\Filesystem->files('C:\\\\Users\\\\Dell\\\\D...')
#2 Command line code(1): getViews('C:\\\\Users\\\\Dell\\\\D...', Object(Illuminate\\Filesystem\\Filesystem))
#3 {main}
  thrown at C:\\Users\\Dell\\Downloads\\UltimatePOS-V6.5\\UltimatePOS-CodeBase-V6.5\\vendor\\symfony\\finder\\Finder.php:649)
[stacktrace]
#0 {main}
"} 
[2025-03-25 20:40:37] local.ERROR: Uncaught Symfony\Component\Finder\Exception\DirectoryNotFoundException: The "C:\Users\Dell\Downloads\UltimatePOS-V6.5\UltimatePOS-CodeBase-V6.5\custom_views" directory does not exist. in C:\Users\Dell\Downloads\UltimatePOS-V6.5\UltimatePOS-CodeBase-V6.5\vendor\symfony\finder\Finder.php:649
Stack trace:
#0 C:\Users\Dell\Downloads\UltimatePOS-V6.5\UltimatePOS-CodeBase-V6.5\vendor\laravel\framework\src\Illuminate\Filesystem\Filesystem.php(569): Symfony\Component\Finder\Finder->in('C:\\Users\\Dell\\D...')
#1 Command line code(1): Illuminate\Filesystem\Filesystem->files('C:\\Users\\Dell\\D...')
#2 Command line code(1): getViews('C:\\Users\\Dell\\D...', Object(Illuminate\Filesystem\Filesystem))
#3 {main}
  thrown {"exception":"[object] (Symfony\\Component\\ErrorHandler\\Error\\FatalError(code: 0): Uncaught Symfony\\Component\\Finder\\Exception\\DirectoryNotFoundException: The \"C:\\Users\\Dell\\Downloads\\UltimatePOS-V6.5\\UltimatePOS-CodeBase-V6.5\\custom_views\" directory does not exist. in C:\\Users\\Dell\\Downloads\\UltimatePOS-V6.5\\UltimatePOS-CodeBase-V6.5\\vendor\\symfony\\finder\\Finder.php:649
Stack trace:
#0 C:\\Users\\Dell\\Downloads\\UltimatePOS-V6.5\\UltimatePOS-CodeBase-V6.5\\vendor\\laravel\\framework\\src\\Illuminate\\Filesystem\\Filesystem.php(569): Symfony\\Component\\Finder\\Finder->in('C:\\\\Users\\\\Dell\\\\D...')
#1 Command line code(1): Illuminate\\Filesystem\\Filesystem->files('C:\\\\Users\\\\Dell\\\\D...')
#2 Command line code(1): getViews('C:\\\\Users\\\\Dell\\\\D...', Object(Illuminate\\Filesystem\\Filesystem))
#3 {main}
  thrown at C:\\Users\\Dell\\Downloads\\UltimatePOS-V6.5\\UltimatePOS-CodeBase-V6.5\\vendor\\symfony\\finder\\Finder.php:649)
[stacktrace]
#0 {main}
"} 
[2025-03-25 20:40:38] local.ERROR: Uncaught Symfony\Component\Finder\Exception\DirectoryNotFoundException: The "C:\Users\Dell\Downloads\UltimatePOS-V6.5\UltimatePOS-CodeBase-V6.5\custom_views" directory does not exist. in C:\Users\Dell\Downloads\UltimatePOS-V6.5\UltimatePOS-CodeBase-V6.5\vendor\symfony\finder\Finder.php:649
Stack trace:
#0 C:\Users\Dell\Downloads\UltimatePOS-V6.5\UltimatePOS-CodeBase-V6.5\vendor\laravel\framework\src\Illuminate\Filesystem\Filesystem.php(569): Symfony\Component\Finder\Finder->in('C:\\Users\\Dell\\D...')
#1 Command line code(1): Illuminate\Filesystem\Filesystem->files('C:\\Users\\Dell\\D...')
#2 Command line code(1): getViews('C:\\Users\\Dell\\D...', Object(Illuminate\Filesystem\Filesystem))
#3 {main}
  thrown {"exception":"[object] (Symfony\\Component\\ErrorHandler\\Error\\FatalError(code: 0): Uncaught Symfony\\Component\\Finder\\Exception\\DirectoryNotFoundException: The \"C:\\Users\\Dell\\Downloads\\UltimatePOS-V6.5\\UltimatePOS-CodeBase-V6.5\\custom_views\" directory does not exist. in C:\\Users\\Dell\\Downloads\\UltimatePOS-V6.5\\UltimatePOS-CodeBase-V6.5\\vendor\\symfony\\finder\\Finder.php:649
Stack trace:
#0 C:\\Users\\Dell\\Downloads\\UltimatePOS-V6.5\\UltimatePOS-CodeBase-V6.5\\vendor\\laravel\\framework\\src\\Illuminate\\Filesystem\\Filesystem.php(569): Symfony\\Component\\Finder\\Finder->in('C:\\\\Users\\\\Dell\\\\D...')
#1 Command line code(1): Illuminate\\Filesystem\\Filesystem->files('C:\\\\Users\\\\Dell\\\\D...')
#2 Command line code(1): getViews('C:\\\\Users\\\\Dell\\\\D...', Object(Illuminate\\Filesystem\\Filesystem))
#3 {main}
  thrown at C:\\Users\\Dell\\Downloads\\UltimatePOS-V6.5\\UltimatePOS-CodeBase-V6.5\\vendor\\symfony\\finder\\Finder.php:649)
[stacktrace]
#0 {main}
"} 
[2025-03-25 20:40:40] local.ERROR: Uncaught Symfony\Component\Finder\Exception\DirectoryNotFoundException: The "C:\Users\Dell\Downloads\UltimatePOS-V6.5\UltimatePOS-CodeBase-V6.5\custom_views" directory does not exist. in C:\Users\Dell\Downloads\UltimatePOS-V6.5\UltimatePOS-CodeBase-V6.5\vendor\symfony\finder\Finder.php:649
Stack trace:
#0 C:\Users\Dell\Downloads\UltimatePOS-V6.5\UltimatePOS-CodeBase-V6.5\vendor\laravel\framework\src\Illuminate\Filesystem\Filesystem.php(569): Symfony\Component\Finder\Finder->in('C:\\Users\\Dell\\D...')
#1 Command line code(1): Illuminate\Filesystem\Filesystem->files('C:\\Users\\Dell\\D...')
#2 Command line code(1): getViews('C:\\Users\\Dell\\D...', Object(Illuminate\Filesystem\Filesystem))
#3 {main}
  thrown {"exception":"[object] (Symfony\\Component\\ErrorHandler\\Error\\FatalError(code: 0): Uncaught Symfony\\Component\\Finder\\Exception\\DirectoryNotFoundException: The \"C:\\Users\\Dell\\Downloads\\UltimatePOS-V6.5\\UltimatePOS-CodeBase-V6.5\\custom_views\" directory does not exist. in C:\\Users\\Dell\\Downloads\\UltimatePOS-V6.5\\UltimatePOS-CodeBase-V6.5\\vendor\\symfony\\finder\\Finder.php:649
Stack trace:
#0 C:\\Users\\Dell\\Downloads\\UltimatePOS-V6.5\\UltimatePOS-CodeBase-V6.5\\vendor\\laravel\\framework\\src\\Illuminate\\Filesystem\\Filesystem.php(569): Symfony\\Component\\Finder\\Finder->in('C:\\\\Users\\\\Dell\\\\D...')
#1 Command line code(1): Illuminate\\Filesystem\\Filesystem->files('C:\\\\Users\\\\Dell\\\\D...')
#2 Command line code(1): getViews('C:\\\\Users\\\\Dell\\\\D...', Object(Illuminate\\Filesystem\\Filesystem))
#3 {main}
  thrown at C:\\Users\\Dell\\Downloads\\UltimatePOS-V6.5\\UltimatePOS-CodeBase-V6.5\\vendor\\symfony\\finder\\Finder.php:649)
[stacktrace]
#0 {main}
"} 
[2025-03-25 20:40:41] local.ERROR: Uncaught Symfony\Component\Finder\Exception\DirectoryNotFoundException: The "C:\Users\Dell\Downloads\UltimatePOS-V6.5\UltimatePOS-CodeBase-V6.5\custom_views" directory does not exist. in C:\Users\Dell\Downloads\UltimatePOS-V6.5\UltimatePOS-CodeBase-V6.5\vendor\symfony\finder\Finder.php:649
Stack trace:
#0 C:\Users\Dell\Downloads\UltimatePOS-V6.5\UltimatePOS-CodeBase-V6.5\vendor\laravel\framework\src\Illuminate\Filesystem\Filesystem.php(569): Symfony\Component\Finder\Finder->in('C:\\Users\\Dell\\D...')
#1 Command line code(1): Illuminate\Filesystem\Filesystem->files('C:\\Users\\Dell\\D...')
#2 Command line code(1): getViews('C:\\Users\\Dell\\D...', Object(Illuminate\Filesystem\Filesystem))
#3 {main}
  thrown {"exception":"[object] (Symfony\\Component\\ErrorHandler\\Error\\FatalError(code: 0): Uncaught Symfony\\Component\\Finder\\Exception\\DirectoryNotFoundException: The \"C:\\Users\\Dell\\Downloads\\UltimatePOS-V6.5\\UltimatePOS-CodeBase-V6.5\\custom_views\" directory does not exist. in C:\\Users\\Dell\\Downloads\\UltimatePOS-V6.5\\UltimatePOS-CodeBase-V6.5\\vendor\\symfony\\finder\\Finder.php:649
Stack trace:
#0 C:\\Users\\Dell\\Downloads\\UltimatePOS-V6.5\\UltimatePOS-CodeBase-V6.5\\vendor\\laravel\\framework\\src\\Illuminate\\Filesystem\\Filesystem.php(569): Symfony\\Component\\Finder\\Finder->in('C:\\\\Users\\\\Dell\\\\D...')
#1 Command line code(1): Illuminate\\Filesystem\\Filesystem->files('C:\\\\Users\\\\Dell\\\\D...')
#2 Command line code(1): getViews('C:\\\\Users\\\\Dell\\\\D...', Object(Illuminate\\Filesystem\\Filesystem))
#3 {main}
  thrown at C:\\Users\\Dell\\Downloads\\UltimatePOS-V6.5\\UltimatePOS-CodeBase-V6.5\\vendor\\symfony\\finder\\Finder.php:649)
[stacktrace]
#0 {main}
"} 
[2025-03-25 20:40:42] local.ERROR: Uncaught Symfony\Component\Finder\Exception\DirectoryNotFoundException: The "C:\Users\Dell\Downloads\UltimatePOS-V6.5\UltimatePOS-CodeBase-V6.5\custom_views" directory does not exist. in C:\Users\Dell\Downloads\UltimatePOS-V6.5\UltimatePOS-CodeBase-V6.5\vendor\symfony\finder\Finder.php:649
Stack trace:
#0 C:\Users\Dell\Downloads\UltimatePOS-V6.5\UltimatePOS-CodeBase-V6.5\vendor\laravel\framework\src\Illuminate\Filesystem\Filesystem.php(569): Symfony\Component\Finder\Finder->in('C:\\Users\\Dell\\D...')
#1 Command line code(1): Illuminate\Filesystem\Filesystem->files('C:\\Users\\Dell\\D...')
#2 Command line code(1): getViews('C:\\Users\\Dell\\D...', Object(Illuminate\Filesystem\Filesystem))
#3 {main}
  thrown {"exception":"[object] (Symfony\\Component\\ErrorHandler\\Error\\FatalError(code: 0): Uncaught Symfony\\Component\\Finder\\Exception\\DirectoryNotFoundException: The \"C:\\Users\\Dell\\Downloads\\UltimatePOS-V6.5\\UltimatePOS-CodeBase-V6.5\\custom_views\" directory does not exist. in C:\\Users\\Dell\\Downloads\\UltimatePOS-V6.5\\UltimatePOS-CodeBase-V6.5\\vendor\\symfony\\finder\\Finder.php:649
Stack trace:
#0 C:\\Users\\Dell\\Downloads\\UltimatePOS-V6.5\\UltimatePOS-CodeBase-V6.5\\vendor\\laravel\\framework\\src\\Illuminate\\Filesystem\\Filesystem.php(569): Symfony\\Component\\Finder\\Finder->in('C:\\\\Users\\\\Dell\\\\D...')
#1 Command line code(1): Illuminate\\Filesystem\\Filesystem->files('C:\\\\Users\\\\Dell\\\\D...')
#2 Command line code(1): getViews('C:\\\\Users\\\\Dell\\\\D...', Object(Illuminate\\Filesystem\\Filesystem))
#3 {main}
  thrown at C:\\Users\\Dell\\Downloads\\UltimatePOS-V6.5\\UltimatePOS-CodeBase-V6.5\\vendor\\symfony\\finder\\Finder.php:649)
[stacktrace]
#0 {main}
"} 
[2025-03-25 20:40:43] local.ERROR: Uncaught Symfony\Component\Finder\Exception\DirectoryNotFoundException: The "C:\Users\Dell\Downloads\UltimatePOS-V6.5\UltimatePOS-CodeBase-V6.5\custom_views" directory does not exist. in C:\Users\Dell\Downloads\UltimatePOS-V6.5\UltimatePOS-CodeBase-V6.5\vendor\symfony\finder\Finder.php:649
Stack trace:
#0 C:\Users\Dell\Downloads\UltimatePOS-V6.5\UltimatePOS-CodeBase-V6.5\vendor\laravel\framework\src\Illuminate\Filesystem\Filesystem.php(569): Symfony\Component\Finder\Finder->in('C:\\Users\\Dell\\D...')
#1 Command line code(1): Illuminate\Filesystem\Filesystem->files('C:\\Users\\Dell\\D...')
#2 Command line code(1): getViews('C:\\Users\\Dell\\D...', Object(Illuminate\Filesystem\Filesystem))
#3 {main}
  thrown {"exception":"[object] (Symfony\\Component\\ErrorHandler\\Error\\FatalError(code: 0): Uncaught Symfony\\Component\\Finder\\Exception\\DirectoryNotFoundException: The \"C:\\Users\\Dell\\Downloads\\UltimatePOS-V6.5\\UltimatePOS-CodeBase-V6.5\\custom_views\" directory does not exist. in C:\\Users\\Dell\\Downloads\\UltimatePOS-V6.5\\UltimatePOS-CodeBase-V6.5\\vendor\\symfony\\finder\\Finder.php:649
Stack trace:
#0 C:\\Users\\Dell\\Downloads\\UltimatePOS-V6.5\\UltimatePOS-CodeBase-V6.5\\vendor\\laravel\\framework\\src\\Illuminate\\Filesystem\\Filesystem.php(569): Symfony\\Component\\Finder\\Finder->in('C:\\\\Users\\\\Dell\\\\D...')
#1 Command line code(1): Illuminate\\Filesystem\\Filesystem->files('C:\\\\Users\\\\Dell\\\\D...')
#2 Command line code(1): getViews('C:\\\\Users\\\\Dell\\\\D...', Object(Illuminate\\Filesystem\\Filesystem))
#3 {main}
  thrown at C:\\Users\\Dell\\Downloads\\UltimatePOS-V6.5\\UltimatePOS-CodeBase-V6.5\\vendor\\symfony\\finder\\Finder.php:649)
[stacktrace]
#0 {main}
"} 
[2025-03-25 20:40:45] local.ERROR: Uncaught Symfony\Component\Finder\Exception\DirectoryNotFoundException: The "C:\Users\Dell\Downloads\UltimatePOS-V6.5\UltimatePOS-CodeBase-V6.5\custom_views" directory does not exist. in C:\Users\Dell\Downloads\UltimatePOS-V6.5\UltimatePOS-CodeBase-V6.5\vendor\symfony\finder\Finder.php:649
Stack trace:
#0 C:\Users\Dell\Downloads\UltimatePOS-V6.5\UltimatePOS-CodeBase-V6.5\vendor\laravel\framework\src\Illuminate\Filesystem\Filesystem.php(569): Symfony\Component\Finder\Finder->in('C:\\Users\\Dell\\D...')
#1 Command line code(1): Illuminate\Filesystem\Filesystem->files('C:\\Users\\Dell\\D...')
#2 Command line code(1): getViews('C:\\Users\\Dell\\D...', Object(Illuminate\Filesystem\Filesystem))
#3 {main}
  thrown {"exception":"[object] (Symfony\\Component\\ErrorHandler\\Error\\FatalError(code: 0): Uncaught Symfony\\Component\\Finder\\Exception\\DirectoryNotFoundException: The \"C:\\Users\\Dell\\Downloads\\UltimatePOS-V6.5\\UltimatePOS-CodeBase-V6.5\\custom_views\" directory does not exist. in C:\\Users\\Dell\\Downloads\\UltimatePOS-V6.5\\UltimatePOS-CodeBase-V6.5\\vendor\\symfony\\finder\\Finder.php:649
Stack trace:
#0 C:\\Users\\Dell\\Downloads\\UltimatePOS-V6.5\\UltimatePOS-CodeBase-V6.5\\vendor\\laravel\\framework\\src\\Illuminate\\Filesystem\\Filesystem.php(569): Symfony\\Component\\Finder\\Finder->in('C:\\\\Users\\\\Dell\\\\D...')
#1 Command line code(1): Illuminate\\Filesystem\\Filesystem->files('C:\\\\Users\\\\Dell\\\\D...')
#2 Command line code(1): getViews('C:\\\\Users\\\\Dell\\\\D...', Object(Illuminate\\Filesystem\\Filesystem))
#3 {main}
  thrown at C:\\Users\\Dell\\Downloads\\UltimatePOS-V6.5\\UltimatePOS-CodeBase-V6.5\\vendor\\symfony\\finder\\Finder.php:649)
[stacktrace]
#0 {main}
"} 
[2025-03-25 20:40:46] local.ERROR: Uncaught Symfony\Component\Finder\Exception\DirectoryNotFoundException: The "C:\Users\Dell\Downloads\UltimatePOS-V6.5\UltimatePOS-CodeBase-V6.5\custom_views" directory does not exist. in C:\Users\Dell\Downloads\UltimatePOS-V6.5\UltimatePOS-CodeBase-V6.5\vendor\symfony\finder\Finder.php:649
Stack trace:
#0 C:\Users\Dell\Downloads\UltimatePOS-V6.5\UltimatePOS-CodeBase-V6.5\vendor\laravel\framework\src\Illuminate\Filesystem\Filesystem.php(569): Symfony\Component\Finder\Finder->in('C:\\Users\\Dell\\D...')
#1 Command line code(1): Illuminate\Filesystem\Filesystem->files('C:\\Users\\Dell\\D...')
#2 Command line code(1): getViews('C:\\Users\\Dell\\D...', Object(Illuminate\Filesystem\Filesystem))
#3 {main}
  thrown {"exception":"[object] (Symfony\\Component\\ErrorHandler\\Error\\FatalError(code: 0): Uncaught Symfony\\Component\\Finder\\Exception\\DirectoryNotFoundException: The \"C:\\Users\\Dell\\Downloads\\UltimatePOS-V6.5\\UltimatePOS-CodeBase-V6.5\\custom_views\" directory does not exist. in C:\\Users\\Dell\\Downloads\\UltimatePOS-V6.5\\UltimatePOS-CodeBase-V6.5\\vendor\\symfony\\finder\\Finder.php:649
Stack trace:
#0 C:\\Users\\Dell\\Downloads\\UltimatePOS-V6.5\\UltimatePOS-CodeBase-V6.5\\vendor\\laravel\\framework\\src\\Illuminate\\Filesystem\\Filesystem.php(569): Symfony\\Component\\Finder\\Finder->in('C:\\\\Users\\\\Dell\\\\D...')
#1 Command line code(1): Illuminate\\Filesystem\\Filesystem->files('C:\\\\Users\\\\Dell\\\\D...')
#2 Command line code(1): getViews('C:\\\\Users\\\\Dell\\\\D...', Object(Illuminate\\Filesystem\\Filesystem))
#3 {main}
  thrown at C:\\Users\\Dell\\Downloads\\UltimatePOS-V6.5\\UltimatePOS-CodeBase-V6.5\\vendor\\symfony\\finder\\Finder.php:649)
[stacktrace]
#0 {main}
"} 
[2025-03-25 20:40:47] local.ERROR: Uncaught Symfony\Component\Finder\Exception\DirectoryNotFoundException: The "C:\Users\Dell\Downloads\UltimatePOS-V6.5\UltimatePOS-CodeBase-V6.5\custom_views" directory does not exist. in C:\Users\Dell\Downloads\UltimatePOS-V6.5\UltimatePOS-CodeBase-V6.5\vendor\symfony\finder\Finder.php:649
Stack trace:
#0 C:\Users\Dell\Downloads\UltimatePOS-V6.5\UltimatePOS-CodeBase-V6.5\vendor\laravel\framework\src\Illuminate\Filesystem\Filesystem.php(569): Symfony\Component\Finder\Finder->in('C:\\Users\\Dell\\D...')
#1 Command line code(1): Illuminate\Filesystem\Filesystem->files('C:\\Users\\Dell\\D...')
#2 Command line code(1): getViews('C:\\Users\\Dell\\D...', Object(Illuminate\Filesystem\Filesystem))
#3 {main}
  thrown {"exception":"[object] (Symfony\\Component\\ErrorHandler\\Error\\FatalError(code: 0): Uncaught Symfony\\Component\\Finder\\Exception\\DirectoryNotFoundException: The \"C:\\Users\\Dell\\Downloads\\UltimatePOS-V6.5\\UltimatePOS-CodeBase-V6.5\\custom_views\" directory does not exist. in C:\\Users\\Dell\\Downloads\\UltimatePOS-V6.5\\UltimatePOS-CodeBase-V6.5\\vendor\\symfony\\finder\\Finder.php:649
Stack trace:
#0 C:\\Users\\Dell\\Downloads\\UltimatePOS-V6.5\\UltimatePOS-CodeBase-V6.5\\vendor\\laravel\\framework\\src\\Illuminate\\Filesystem\\Filesystem.php(569): Symfony\\Component\\Finder\\Finder->in('C:\\\\Users\\\\Dell\\\\D...')
#1 Command line code(1): Illuminate\\Filesystem\\Filesystem->files('C:\\\\Users\\\\Dell\\\\D...')
#2 Command line code(1): getViews('C:\\\\Users\\\\Dell\\\\D...', Object(Illuminate\\Filesystem\\Filesystem))
#3 {main}
  thrown at C:\\Users\\Dell\\Downloads\\UltimatePOS-V6.5\\UltimatePOS-CodeBase-V6.5\\vendor\\symfony\\finder\\Finder.php:649)
[stacktrace]
#0 {main}
"} 
[2025-03-25 20:40:48] local.ERROR: Uncaught Symfony\Component\Finder\Exception\DirectoryNotFoundException: The "C:\Users\Dell\Downloads\UltimatePOS-V6.5\UltimatePOS-CodeBase-V6.5\custom_views" directory does not exist. in C:\Users\Dell\Downloads\UltimatePOS-V6.5\UltimatePOS-CodeBase-V6.5\vendor\symfony\finder\Finder.php:649
Stack trace:
#0 C:\Users\Dell\Downloads\UltimatePOS-V6.5\UltimatePOS-CodeBase-V6.5\vendor\laravel\framework\src\Illuminate\Filesystem\Filesystem.php(569): Symfony\Component\Finder\Finder->in('C:\\Users\\Dell\\D...')
#1 Command line code(1): Illuminate\Filesystem\Filesystem->files('C:\\Users\\Dell\\D...')
#2 Command line code(1): getViews('C:\\Users\\Dell\\D...', Object(Illuminate\Filesystem\Filesystem))
#3 {main}
  thrown {"exception":"[object] (Symfony\\Component\\ErrorHandler\\Error\\FatalError(code: 0): Uncaught Symfony\\Component\\Finder\\Exception\\DirectoryNotFoundException: The \"C:\\Users\\Dell\\Downloads\\UltimatePOS-V6.5\\UltimatePOS-CodeBase-V6.5\\custom_views\" directory does not exist. in C:\\Users\\Dell\\Downloads\\UltimatePOS-V6.5\\UltimatePOS-CodeBase-V6.5\\vendor\\symfony\\finder\\Finder.php:649
Stack trace:
#0 C:\\Users\\Dell\\Downloads\\UltimatePOS-V6.5\\UltimatePOS-CodeBase-V6.5\\vendor\\laravel\\framework\\src\\Illuminate\\Filesystem\\Filesystem.php(569): Symfony\\Component\\Finder\\Finder->in('C:\\\\Users\\\\Dell\\\\D...')
#1 Command line code(1): Illuminate\\Filesystem\\Filesystem->files('C:\\\\Users\\\\Dell\\\\D...')
#2 Command line code(1): getViews('C:\\\\Users\\\\Dell\\\\D...', Object(Illuminate\\Filesystem\\Filesystem))
#3 {main}
  thrown at C:\\Users\\Dell\\Downloads\\UltimatePOS-V6.5\\UltimatePOS-CodeBase-V6.5\\vendor\\symfony\\finder\\Finder.php:649)
[stacktrace]
#0 {main}
"} 
[2025-03-25 20:40:50] local.ERROR: Uncaught Symfony\Component\Finder\Exception\DirectoryNotFoundException: The "C:\Users\Dell\Downloads\UltimatePOS-V6.5\UltimatePOS-CodeBase-V6.5\custom_views" directory does not exist. in C:\Users\Dell\Downloads\UltimatePOS-V6.5\UltimatePOS-CodeBase-V6.5\vendor\symfony\finder\Finder.php:649
Stack trace:
#0 C:\Users\Dell\Downloads\UltimatePOS-V6.5\UltimatePOS-CodeBase-V6.5\vendor\laravel\framework\src\Illuminate\Filesystem\Filesystem.php(569): Symfony\Component\Finder\Finder->in('C:\\Users\\Dell\\D...')
#1 Command line code(1): Illuminate\Filesystem\Filesystem->files('C:\\Users\\Dell\\D...')
#2 Command line code(1): getViews('C:\\Users\\Dell\\D...', Object(Illuminate\Filesystem\Filesystem))
#3 {main}
  thrown {"exception":"[object] (Symfony\\Component\\ErrorHandler\\Error\\FatalError(code: 0): Uncaught Symfony\\Component\\Finder\\Exception\\DirectoryNotFoundException: The \"C:\\Users\\Dell\\Downloads\\UltimatePOS-V6.5\\UltimatePOS-CodeBase-V6.5\\custom_views\" directory does not exist. in C:\\Users\\Dell\\Downloads\\UltimatePOS-V6.5\\UltimatePOS-CodeBase-V6.5\\vendor\\symfony\\finder\\Finder.php:649
Stack trace:
#0 C:\\Users\\Dell\\Downloads\\UltimatePOS-V6.5\\UltimatePOS-CodeBase-V6.5\\vendor\\laravel\\framework\\src\\Illuminate\\Filesystem\\Filesystem.php(569): Symfony\\Component\\Finder\\Finder->in('C:\\\\Users\\\\Dell\\\\D...')
#1 Command line code(1): Illuminate\\Filesystem\\Filesystem->files('C:\\\\Users\\\\Dell\\\\D...')
#2 Command line code(1): getViews('C:\\\\Users\\\\Dell\\\\D...', Object(Illuminate\\Filesystem\\Filesystem))
#3 {main}
  thrown at C:\\Users\\Dell\\Downloads\\UltimatePOS-V6.5\\UltimatePOS-CodeBase-V6.5\\vendor\\symfony\\finder\\Finder.php:649)
[stacktrace]
#0 {main}
"} 
[2025-03-25 20:40:51] local.ERROR: Uncaught Symfony\Component\Finder\Exception\DirectoryNotFoundException: The "C:\Users\Dell\Downloads\UltimatePOS-V6.5\UltimatePOS-CodeBase-V6.5\custom_views" directory does not exist. in C:\Users\Dell\Downloads\UltimatePOS-V6.5\UltimatePOS-CodeBase-V6.5\vendor\symfony\finder\Finder.php:649
Stack trace:
#0 C:\Users\Dell\Downloads\UltimatePOS-V6.5\UltimatePOS-CodeBase-V6.5\vendor\laravel\framework\src\Illuminate\Filesystem\Filesystem.php(569): Symfony\Component\Finder\Finder->in('C:\\Users\\Dell\\D...')
#1 Command line code(1): Illuminate\Filesystem\Filesystem->files('C:\\Users\\Dell\\D...')
#2 Command line code(1): getViews('C:\\Users\\Dell\\D...', Object(Illuminate\Filesystem\Filesystem))
#3 {main}
  thrown {"exception":"[object] (Symfony\\Component\\ErrorHandler\\Error\\FatalError(code: 0): Uncaught Symfony\\Component\\Finder\\Exception\\DirectoryNotFoundException: The \"C:\\Users\\Dell\\Downloads\\UltimatePOS-V6.5\\UltimatePOS-CodeBase-V6.5\\custom_views\" directory does not exist. in C:\\Users\\Dell\\Downloads\\UltimatePOS-V6.5\\UltimatePOS-CodeBase-V6.5\\vendor\\symfony\\finder\\Finder.php:649
Stack trace:
#0 C:\\Users\\Dell\\Downloads\\UltimatePOS-V6.5\\UltimatePOS-CodeBase-V6.5\\vendor\\laravel\\framework\\src\\Illuminate\\Filesystem\\Filesystem.php(569): Symfony\\Component\\Finder\\Finder->in('C:\\\\Users\\\\Dell\\\\D...')
#1 Command line code(1): Illuminate\\Filesystem\\Filesystem->files('C:\\\\Users\\\\Dell\\\\D...')
#2 Command line code(1): getViews('C:\\\\Users\\\\Dell\\\\D...', Object(Illuminate\\Filesystem\\Filesystem))
#3 {main}
  thrown at C:\\Users\\Dell\\Downloads\\UltimatePOS-V6.5\\UltimatePOS-CodeBase-V6.5\\vendor\\symfony\\finder\\Finder.php:649)
[stacktrace]
#0 {main}
"} 
[2025-03-25 20:40:52] local.ERROR: Uncaught Symfony\Component\Finder\Exception\DirectoryNotFoundException: The "C:\Users\Dell\Downloads\UltimatePOS-V6.5\UltimatePOS-CodeBase-V6.5\custom_views" directory does not exist. in C:\Users\Dell\Downloads\UltimatePOS-V6.5\UltimatePOS-CodeBase-V6.5\vendor\symfony\finder\Finder.php:649
Stack trace:
#0 C:\Users\Dell\Downloads\UltimatePOS-V6.5\UltimatePOS-CodeBase-V6.5\vendor\laravel\framework\src\Illuminate\Filesystem\Filesystem.php(569): Symfony\Component\Finder\Finder->in('C:\\Users\\Dell\\D...')
#1 Command line code(1): Illuminate\Filesystem\Filesystem->files('C:\\Users\\Dell\\D...')
#2 Command line code(1): getViews('C:\\Users\\Dell\\D...', Object(Illuminate\Filesystem\Filesystem))
#3 {main}
  thrown {"exception":"[object] (Symfony\\Component\\ErrorHandler\\Error\\FatalError(code: 0): Uncaught Symfony\\Component\\Finder\\Exception\\DirectoryNotFoundException: The \"C:\\Users\\Dell\\Downloads\\UltimatePOS-V6.5\\UltimatePOS-CodeBase-V6.5\\custom_views\" directory does not exist. in C:\\Users\\Dell\\Downloads\\UltimatePOS-V6.5\\UltimatePOS-CodeBase-V6.5\\vendor\\symfony\\finder\\Finder.php:649
Stack trace:
#0 C:\\Users\\Dell\\Downloads\\UltimatePOS-V6.5\\UltimatePOS-CodeBase-V6.5\\vendor\\laravel\\framework\\src\\Illuminate\\Filesystem\\Filesystem.php(569): Symfony\\Component\\Finder\\Finder->in('C:\\\\Users\\\\Dell\\\\D...')
#1 Command line code(1): Illuminate\\Filesystem\\Filesystem->files('C:\\\\Users\\\\Dell\\\\D...')
#2 Command line code(1): getViews('C:\\\\Users\\\\Dell\\\\D...', Object(Illuminate\\Filesystem\\Filesystem))
#3 {main}
  thrown at C:\\Users\\Dell\\Downloads\\UltimatePOS-V6.5\\UltimatePOS-CodeBase-V6.5\\vendor\\symfony\\finder\\Finder.php:649)
[stacktrace]
#0 {main}
"} 
[2025-03-25 20:40:53] local.ERROR: Uncaught Symfony\Component\Finder\Exception\DirectoryNotFoundException: The "C:\Users\Dell\Downloads\UltimatePOS-V6.5\UltimatePOS-CodeBase-V6.5\custom_views" directory does not exist. in C:\Users\Dell\Downloads\UltimatePOS-V6.5\UltimatePOS-CodeBase-V6.5\vendor\symfony\finder\Finder.php:649
Stack trace:
#0 C:\Users\Dell\Downloads\UltimatePOS-V6.5\UltimatePOS-CodeBase-V6.5\vendor\laravel\framework\src\Illuminate\Filesystem\Filesystem.php(569): Symfony\Component\Finder\Finder->in('C:\\Users\\Dell\\D...')
#1 Command line code(1): Illuminate\Filesystem\Filesystem->files('C:\\Users\\Dell\\D...')
#2 Command line code(1): getViews('C:\\Users\\Dell\\D...', Object(Illuminate\Filesystem\Filesystem))
#3 {main}
  thrown {"exception":"[object] (Symfony\\Component\\ErrorHandler\\Error\\FatalError(code: 0): Uncaught Symfony\\Component\\Finder\\Exception\\DirectoryNotFoundException: The \"C:\\Users\\Dell\\Downloads\\UltimatePOS-V6.5\\UltimatePOS-CodeBase-V6.5\\custom_views\" directory does not exist. in C:\\Users\\Dell\\Downloads\\UltimatePOS-V6.5\\UltimatePOS-CodeBase-V6.5\\vendor\\symfony\\finder\\Finder.php:649
Stack trace:
#0 C:\\Users\\Dell\\Downloads\\UltimatePOS-V6.5\\UltimatePOS-CodeBase-V6.5\\vendor\\laravel\\framework\\src\\Illuminate\\Filesystem\\Filesystem.php(569): Symfony\\Component\\Finder\\Finder->in('C:\\\\Users\\\\Dell\\\\D...')
#1 Command line code(1): Illuminate\\Filesystem\\Filesystem->files('C:\\\\Users\\\\Dell\\\\D...')
#2 Command line code(1): getViews('C:\\\\Users\\\\Dell\\\\D...', Object(Illuminate\\Filesystem\\Filesystem))
#3 {main}
  thrown at C:\\Users\\Dell\\Downloads\\UltimatePOS-V6.5\\UltimatePOS-CodeBase-V6.5\\vendor\\symfony\\finder\\Finder.php:649)
[stacktrace]
#0 {main}
"} 
[2025-03-25 20:40:55] local.ERROR: Uncaught Symfony\Component\Finder\Exception\DirectoryNotFoundException: The "C:\Users\Dell\Downloads\UltimatePOS-V6.5\UltimatePOS-CodeBase-V6.5\custom_views" directory does not exist. in C:\Users\Dell\Downloads\UltimatePOS-V6.5\UltimatePOS-CodeBase-V6.5\vendor\symfony\finder\Finder.php:649
Stack trace:
#0 C:\Users\Dell\Downloads\UltimatePOS-V6.5\UltimatePOS-CodeBase-V6.5\vendor\laravel\framework\src\Illuminate\Filesystem\Filesystem.php(569): Symfony\Component\Finder\Finder->in('C:\\Users\\Dell\\D...')
#1 Command line code(1): Illuminate\Filesystem\Filesystem->files('C:\\Users\\Dell\\D...')
#2 Command line code(1): getViews('C:\\Users\\Dell\\D...', Object(Illuminate\Filesystem\Filesystem))
#3 {main}
  thrown {"exception":"[object] (Symfony\\Component\\ErrorHandler\\Error\\FatalError(code: 0): Uncaught Symfony\\Component\\Finder\\Exception\\DirectoryNotFoundException: The \"C:\\Users\\Dell\\Downloads\\UltimatePOS-V6.5\\UltimatePOS-CodeBase-V6.5\\custom_views\" directory does not exist. in C:\\Users\\Dell\\Downloads\\UltimatePOS-V6.5\\UltimatePOS-CodeBase-V6.5\\vendor\\symfony\\finder\\Finder.php:649
Stack trace:
#0 C:\\Users\\Dell\\Downloads\\UltimatePOS-V6.5\\UltimatePOS-CodeBase-V6.5\\vendor\\laravel\\framework\\src\\Illuminate\\Filesystem\\Filesystem.php(569): Symfony\\Component\\Finder\\Finder->in('C:\\\\Users\\\\Dell\\\\D...')
#1 Command line code(1): Illuminate\\Filesystem\\Filesystem->files('C:\\\\Users\\\\Dell\\\\D...')
#2 Command line code(1): getViews('C:\\\\Users\\\\Dell\\\\D...', Object(Illuminate\\Filesystem\\Filesystem))
#3 {main}
  thrown at C:\\Users\\Dell\\Downloads\\UltimatePOS-V6.5\\UltimatePOS-CodeBase-V6.5\\vendor\\symfony\\finder\\Finder.php:649)
[stacktrace]
#0 {main}
"} 
[2025-03-25 20:40:56] local.ERROR: Uncaught Symfony\Component\Finder\Exception\DirectoryNotFoundException: The "C:\Users\Dell\Downloads\UltimatePOS-V6.5\UltimatePOS-CodeBase-V6.5\custom_views" directory does not exist. in C:\Users\Dell\Downloads\UltimatePOS-V6.5\UltimatePOS-CodeBase-V6.5\vendor\symfony\finder\Finder.php:649
Stack trace:
#0 C:\Users\Dell\Downloads\UltimatePOS-V6.5\UltimatePOS-CodeBase-V6.5\vendor\laravel\framework\src\Illuminate\Filesystem\Filesystem.php(569): Symfony\Component\Finder\Finder->in('C:\\Users\\Dell\\D...')
#1 Command line code(1): Illuminate\Filesystem\Filesystem->files('C:\\Users\\Dell\\D...')
#2 Command line code(1): getViews('C:\\Users\\Dell\\D...', Object(Illuminate\Filesystem\Filesystem))
#3 {main}
  thrown {"exception":"[object] (Symfony\\Component\\ErrorHandler\\Error\\FatalError(code: 0): Uncaught Symfony\\Component\\Finder\\Exception\\DirectoryNotFoundException: The \"C:\\Users\\Dell\\Downloads\\UltimatePOS-V6.5\\UltimatePOS-CodeBase-V6.5\\custom_views\" directory does not exist. in C:\\Users\\Dell\\Downloads\\UltimatePOS-V6.5\\UltimatePOS-CodeBase-V6.5\\vendor\\symfony\\finder\\Finder.php:649
Stack trace:
#0 C:\\Users\\Dell\\Downloads\\UltimatePOS-V6.5\\UltimatePOS-CodeBase-V6.5\\vendor\\laravel\\framework\\src\\Illuminate\\Filesystem\\Filesystem.php(569): Symfony\\Component\\Finder\\Finder->in('C:\\\\Users\\\\Dell\\\\D...')
#1 Command line code(1): Illuminate\\Filesystem\\Filesystem->files('C:\\\\Users\\\\Dell\\\\D...')
#2 Command line code(1): getViews('C:\\\\Users\\\\Dell\\\\D...', Object(Illuminate\\Filesystem\\Filesystem))
#3 {main}
  thrown at C:\\Users\\Dell\\Downloads\\UltimatePOS-V6.5\\UltimatePOS-CodeBase-V6.5\\vendor\\symfony\\finder\\Finder.php:649)
[stacktrace]
#0 {main}
"} 
[2025-03-25 20:40:57] local.ERROR: Uncaught Symfony\Component\Finder\Exception\DirectoryNotFoundException: The "C:\Users\Dell\Downloads\UltimatePOS-V6.5\UltimatePOS-CodeBase-V6.5\custom_views" directory does not exist. in C:\Users\Dell\Downloads\UltimatePOS-V6.5\UltimatePOS-CodeBase-V6.5\vendor\symfony\finder\Finder.php:649
Stack trace:
#0 C:\Users\Dell\Downloads\UltimatePOS-V6.5\UltimatePOS-CodeBase-V6.5\vendor\laravel\framework\src\Illuminate\Filesystem\Filesystem.php(569): Symfony\Component\Finder\Finder->in('C:\\Users\\Dell\\D...')
#1 Command line code(1): Illuminate\Filesystem\Filesystem->files('C:\\Users\\Dell\\D...')
#2 Command line code(1): getViews('C:\\Users\\Dell\\D...', Object(Illuminate\Filesystem\Filesystem))
#3 {main}
  thrown {"exception":"[object] (Symfony\\Component\\ErrorHandler\\Error\\FatalError(code: 0): Uncaught Symfony\\Component\\Finder\\Exception\\DirectoryNotFoundException: The \"C:\\Users\\Dell\\Downloads\\UltimatePOS-V6.5\\UltimatePOS-CodeBase-V6.5\\custom_views\" directory does not exist. in C:\\Users\\Dell\\Downloads\\UltimatePOS-V6.5\\UltimatePOS-CodeBase-V6.5\\vendor\\symfony\\finder\\Finder.php:649
Stack trace:
#0 C:\\Users\\Dell\\Downloads\\UltimatePOS-V6.5\\UltimatePOS-CodeBase-V6.5\\vendor\\laravel\\framework\\src\\Illuminate\\Filesystem\\Filesystem.php(569): Symfony\\Component\\Finder\\Finder->in('C:\\\\Users\\\\Dell\\\\D...')
#1 Command line code(1): Illuminate\\Filesystem\\Filesystem->files('C:\\\\Users\\\\Dell\\\\D...')
#2 Command line code(1): getViews('C:\\\\Users\\\\Dell\\\\D...', Object(Illuminate\\Filesystem\\Filesystem))
#3 {main}
  thrown at C:\\Users\\Dell\\Downloads\\UltimatePOS-V6.5\\UltimatePOS-CodeBase-V6.5\\vendor\\symfony\\finder\\Finder.php:649)
[stacktrace]
#0 {main}
"} 
[2025-03-25 20:40:58] local.ERROR: Uncaught Symfony\Component\Finder\Exception\DirectoryNotFoundException: The "C:\Users\Dell\Downloads\UltimatePOS-V6.5\UltimatePOS-CodeBase-V6.5\custom_views" directory does not exist. in C:\Users\Dell\Downloads\UltimatePOS-V6.5\UltimatePOS-CodeBase-V6.5\vendor\symfony\finder\Finder.php:649
Stack trace:
#0 C:\Users\Dell\Downloads\UltimatePOS-V6.5\UltimatePOS-CodeBase-V6.5\vendor\laravel\framework\src\Illuminate\Filesystem\Filesystem.php(569): Symfony\Component\Finder\Finder->in('C:\\Users\\Dell\\D...')
#1 Command line code(1): Illuminate\Filesystem\Filesystem->files('C:\\Users\\Dell\\D...')
#2 Command line code(1): getViews('C:\\Users\\Dell\\D...', Object(Illuminate\Filesystem\Filesystem))
#3 {main}
  thrown {"exception":"[object] (Symfony\\Component\\ErrorHandler\\Error\\FatalError(code: 0): Uncaught Symfony\\Component\\Finder\\Exception\\DirectoryNotFoundException: The \"C:\\Users\\Dell\\Downloads\\UltimatePOS-V6.5\\UltimatePOS-CodeBase-V6.5\\custom_views\" directory does not exist. in C:\\Users\\Dell\\Downloads\\UltimatePOS-V6.5\\UltimatePOS-CodeBase-V6.5\\vendor\\symfony\\finder\\Finder.php:649
Stack trace:
#0 C:\\Users\\Dell\\Downloads\\UltimatePOS-V6.5\\UltimatePOS-CodeBase-V6.5\\vendor\\laravel\\framework\\src\\Illuminate\\Filesystem\\Filesystem.php(569): Symfony\\Component\\Finder\\Finder->in('C:\\\\Users\\\\Dell\\\\D...')
#1 Command line code(1): Illuminate\\Filesystem\\Filesystem->files('C:\\\\Users\\\\Dell\\\\D...')
#2 Command line code(1): getViews('C:\\\\Users\\\\Dell\\\\D...', Object(Illuminate\\Filesystem\\Filesystem))
#3 {main}
  thrown at C:\\Users\\Dell\\Downloads\\UltimatePOS-V6.5\\UltimatePOS-CodeBase-V6.5\\vendor\\symfony\\finder\\Finder.php:649)
[stacktrace]
#0 {main}
"} 
[2025-03-25 20:41:00] local.ERROR: Uncaught Symfony\Component\Finder\Exception\DirectoryNotFoundException: The "C:\Users\Dell\Downloads\UltimatePOS-V6.5\UltimatePOS-CodeBase-V6.5\custom_views" directory does not exist. in C:\Users\Dell\Downloads\UltimatePOS-V6.5\UltimatePOS-CodeBase-V6.5\vendor\symfony\finder\Finder.php:649
Stack trace:
#0 C:\Users\Dell\Downloads\UltimatePOS-V6.5\UltimatePOS-CodeBase-V6.5\vendor\laravel\framework\src\Illuminate\Filesystem\Filesystem.php(569): Symfony\Component\Finder\Finder->in('C:\\Users\\Dell\\D...')
#1 Command line code(1): Illuminate\Filesystem\Filesystem->files('C:\\Users\\Dell\\D...')
#2 Command line code(1): getViews('C:\\Users\\Dell\\D...', Object(Illuminate\Filesystem\Filesystem))
#3 {main}
  thrown {"exception":"[object] (Symfony\\Component\\ErrorHandler\\Error\\FatalError(code: 0): Uncaught Symfony\\Component\\Finder\\Exception\\DirectoryNotFoundException: The \"C:\\Users\\Dell\\Downloads\\UltimatePOS-V6.5\\UltimatePOS-CodeBase-V6.5\\custom_views\" directory does not exist. in C:\\Users\\Dell\\Downloads\\UltimatePOS-V6.5\\UltimatePOS-CodeBase-V6.5\\vendor\\symfony\\finder\\Finder.php:649
Stack trace:
#0 C:\\Users\\Dell\\Downloads\\UltimatePOS-V6.5\\UltimatePOS-CodeBase-V6.5\\vendor\\laravel\\framework\\src\\Illuminate\\Filesystem\\Filesystem.php(569): Symfony\\Component\\Finder\\Finder->in('C:\\\\Users\\\\Dell\\\\D...')
#1 Command line code(1): Illuminate\\Filesystem\\Filesystem->files('C:\\\\Users\\\\Dell\\\\D...')
#2 Command line code(1): getViews('C:\\\\Users\\\\Dell\\\\D...', Object(Illuminate\\Filesystem\\Filesystem))
#3 {main}
  thrown at C:\\Users\\Dell\\Downloads\\UltimatePOS-V6.5\\UltimatePOS-CodeBase-V6.5\\vendor\\symfony\\finder\\Finder.php:649)
[stacktrace]
#0 {main}
"} 
[2025-03-25 20:41:01] local.ERROR: Uncaught Symfony\Component\Finder\Exception\DirectoryNotFoundException: The "C:\Users\Dell\Downloads\UltimatePOS-V6.5\UltimatePOS-CodeBase-V6.5\custom_views" directory does not exist. in C:\Users\Dell\Downloads\UltimatePOS-V6.5\UltimatePOS-CodeBase-V6.5\vendor\symfony\finder\Finder.php:649
Stack trace:
#0 C:\Users\Dell\Downloads\UltimatePOS-V6.5\UltimatePOS-CodeBase-V6.5\vendor\laravel\framework\src\Illuminate\Filesystem\Filesystem.php(569): Symfony\Component\Finder\Finder->in('C:\\Users\\Dell\\D...')
#1 Command line code(1): Illuminate\Filesystem\Filesystem->files('C:\\Users\\Dell\\D...')
#2 Command line code(1): getViews('C:\\Users\\Dell\\D...', Object(Illuminate\Filesystem\Filesystem))
#3 {main}
  thrown {"exception":"[object] (Symfony\\Component\\ErrorHandler\\Error\\FatalError(code: 0): Uncaught Symfony\\Component\\Finder\\Exception\\DirectoryNotFoundException: The \"C:\\Users\\Dell\\Downloads\\UltimatePOS-V6.5\\UltimatePOS-CodeBase-V6.5\\custom_views\" directory does not exist. in C:\\Users\\Dell\\Downloads\\UltimatePOS-V6.5\\UltimatePOS-CodeBase-V6.5\\vendor\\symfony\\finder\\Finder.php:649
Stack trace:
#0 C:\\Users\\Dell\\Downloads\\UltimatePOS-V6.5\\UltimatePOS-CodeBase-V6.5\\vendor\\laravel\\framework\\src\\Illuminate\\Filesystem\\Filesystem.php(569): Symfony\\Component\\Finder\\Finder->in('C:\\\\Users\\\\Dell\\\\D...')
#1 Command line code(1): Illuminate\\Filesystem\\Filesystem->files('C:\\\\Users\\\\Dell\\\\D...')
#2 Command line code(1): getViews('C:\\\\Users\\\\Dell\\\\D...', Object(Illuminate\\Filesystem\\Filesystem))
#3 {main}
  thrown at C:\\Users\\Dell\\Downloads\\UltimatePOS-V6.5\\UltimatePOS-CodeBase-V6.5\\vendor\\symfony\\finder\\Finder.php:649)
[stacktrace]
#0 {main}
"} 
[2025-03-25 20:41:02] local.ERROR: Uncaught Symfony\Component\Finder\Exception\DirectoryNotFoundException: The "C:\Users\Dell\Downloads\UltimatePOS-V6.5\UltimatePOS-CodeBase-V6.5\custom_views" directory does not exist. in C:\Users\Dell\Downloads\UltimatePOS-V6.5\UltimatePOS-CodeBase-V6.5\vendor\symfony\finder\Finder.php:649
Stack trace:
#0 C:\Users\Dell\Downloads\UltimatePOS-V6.5\UltimatePOS-CodeBase-V6.5\vendor\laravel\framework\src\Illuminate\Filesystem\Filesystem.php(569): Symfony\Component\Finder\Finder->in('C:\\Users\\Dell\\D...')
#1 Command line code(1): Illuminate\Filesystem\Filesystem->files('C:\\Users\\Dell\\D...')
#2 Command line code(1): getViews('C:\\Users\\Dell\\D...', Object(Illuminate\Filesystem\Filesystem))
#3 {main}
  thrown {"exception":"[object] (Symfony\\Component\\ErrorHandler\\Error\\FatalError(code: 0): Uncaught Symfony\\Component\\Finder\\Exception\\DirectoryNotFoundException: The \"C:\\Users\\Dell\\Downloads\\UltimatePOS-V6.5\\UltimatePOS-CodeBase-V6.5\\custom_views\" directory does not exist. in C:\\Users\\Dell\\Downloads\\UltimatePOS-V6.5\\UltimatePOS-CodeBase-V6.5\\vendor\\symfony\\finder\\Finder.php:649
Stack trace:
#0 C:\\Users\\Dell\\Downloads\\UltimatePOS-V6.5\\UltimatePOS-CodeBase-V6.5\\vendor\\laravel\\framework\\src\\Illuminate\\Filesystem\\Filesystem.php(569): Symfony\\Component\\Finder\\Finder->in('C:\\\\Users\\\\Dell\\\\D...')
#1 Command line code(1): Illuminate\\Filesystem\\Filesystem->files('C:\\\\Users\\\\Dell\\\\D...')
#2 Command line code(1): getViews('C:\\\\Users\\\\Dell\\\\D...', Object(Illuminate\\Filesystem\\Filesystem))
#3 {main}
  thrown at C:\\Users\\Dell\\Downloads\\UltimatePOS-V6.5\\UltimatePOS-CodeBase-V6.5\\vendor\\symfony\\finder\\Finder.php:649)
[stacktrace]
#0 {main}
"} 
[2025-03-25 20:41:03] local.ERROR: Uncaught Symfony\Component\Finder\Exception\DirectoryNotFoundException: The "C:\Users\Dell\Downloads\UltimatePOS-V6.5\UltimatePOS-CodeBase-V6.5\custom_views" directory does not exist. in C:\Users\Dell\Downloads\UltimatePOS-V6.5\UltimatePOS-CodeBase-V6.5\vendor\symfony\finder\Finder.php:649
Stack trace:
#0 C:\Users\Dell\Downloads\UltimatePOS-V6.5\UltimatePOS-CodeBase-V6.5\vendor\laravel\framework\src\Illuminate\Filesystem\Filesystem.php(569): Symfony\Component\Finder\Finder->in('C:\\Users\\Dell\\D...')
#1 Command line code(1): Illuminate\Filesystem\Filesystem->files('C:\\Users\\Dell\\D...')
#2 Command line code(1): getViews('C:\\Users\\Dell\\D...', Object(Illuminate\Filesystem\Filesystem))
#3 {main}
  thrown {"exception":"[object] (Symfony\\Component\\ErrorHandler\\Error\\FatalError(code: 0): Uncaught Symfony\\Component\\Finder\\Exception\\DirectoryNotFoundException: The \"C:\\Users\\Dell\\Downloads\\UltimatePOS-V6.5\\UltimatePOS-CodeBase-V6.5\\custom_views\" directory does not exist. in C:\\Users\\Dell\\Downloads\\UltimatePOS-V6.5\\UltimatePOS-CodeBase-V6.5\\vendor\\symfony\\finder\\Finder.php:649
Stack trace:
#0 C:\\Users\\Dell\\Downloads\\UltimatePOS-V6.5\\UltimatePOS-CodeBase-V6.5\\vendor\\laravel\\framework\\src\\Illuminate\\Filesystem\\Filesystem.php(569): Symfony\\Component\\Finder\\Finder->in('C:\\\\Users\\\\Dell\\\\D...')
#1 Command line code(1): Illuminate\\Filesystem\\Filesystem->files('C:\\\\Users\\\\Dell\\\\D...')
#2 Command line code(1): getViews('C:\\\\Users\\\\Dell\\\\D...', Object(Illuminate\\Filesystem\\Filesystem))
#3 {main}
  thrown at C:\\Users\\Dell\\Downloads\\UltimatePOS-V6.5\\UltimatePOS-CodeBase-V6.5\\vendor\\symfony\\finder\\Finder.php:649)
[stacktrace]
#0 {main}
"} 
[2025-03-25 20:41:05] local.ERROR: Uncaught Symfony\Component\Finder\Exception\DirectoryNotFoundException: The "C:\Users\Dell\Downloads\UltimatePOS-V6.5\UltimatePOS-CodeBase-V6.5\custom_views" directory does not exist. in C:\Users\Dell\Downloads\UltimatePOS-V6.5\UltimatePOS-CodeBase-V6.5\vendor\symfony\finder\Finder.php:649
Stack trace:
#0 C:\Users\Dell\Downloads\UltimatePOS-V6.5\UltimatePOS-CodeBase-V6.5\vendor\laravel\framework\src\Illuminate\Filesystem\Filesystem.php(569): Symfony\Component\Finder\Finder->in('C:\\Users\\Dell\\D...')
#1 Command line code(1): Illuminate\Filesystem\Filesystem->files('C:\\Users\\Dell\\D...')
#2 Command line code(1): getViews('C:\\Users\\Dell\\D...', Object(Illuminate\Filesystem\Filesystem))
#3 {main}
  thrown {"exception":"[object] (Symfony\\Component\\ErrorHandler\\Error\\FatalError(code: 0): Uncaught Symfony\\Component\\Finder\\Exception\\DirectoryNotFoundException: The \"C:\\Users\\Dell\\Downloads\\UltimatePOS-V6.5\\UltimatePOS-CodeBase-V6.5\\custom_views\" directory does not exist. in C:\\Users\\Dell\\Downloads\\UltimatePOS-V6.5\\UltimatePOS-CodeBase-V6.5\\vendor\\symfony\\finder\\Finder.php:649
Stack trace:
#0 C:\\Users\\Dell\\Downloads\\UltimatePOS-V6.5\\UltimatePOS-CodeBase-V6.5\\vendor\\laravel\\framework\\src\\Illuminate\\Filesystem\\Filesystem.php(569): Symfony\\Component\\Finder\\Finder->in('C:\\\\Users\\\\Dell\\\\D...')
#1 Command line code(1): Illuminate\\Filesystem\\Filesystem->files('C:\\\\Users\\\\Dell\\\\D...')
#2 Command line code(1): getViews('C:\\\\Users\\\\Dell\\\\D...', Object(Illuminate\\Filesystem\\Filesystem))
#3 {main}
  thrown at C:\\Users\\Dell\\Downloads\\UltimatePOS-V6.5\\UltimatePOS-CodeBase-V6.5\\vendor\\symfony\\finder\\Finder.php:649)
[stacktrace]
#0 {main}
"} 
[2025-03-25 20:41:06] local.ERROR: Uncaught Symfony\Component\Finder\Exception\DirectoryNotFoundException: The "C:\Users\Dell\Downloads\UltimatePOS-V6.5\UltimatePOS-CodeBase-V6.5\custom_views" directory does not exist. in C:\Users\Dell\Downloads\UltimatePOS-V6.5\UltimatePOS-CodeBase-V6.5\vendor\symfony\finder\Finder.php:649
Stack trace:
#0 C:\Users\Dell\Downloads\UltimatePOS-V6.5\UltimatePOS-CodeBase-V6.5\vendor\laravel\framework\src\Illuminate\Filesystem\Filesystem.php(569): Symfony\Component\Finder\Finder->in('C:\\Users\\Dell\\D...')
#1 Command line code(1): Illuminate\Filesystem\Filesystem->files('C:\\Users\\Dell\\D...')
#2 Command line code(1): getViews('C:\\Users\\Dell\\D...', Object(Illuminate\Filesystem\Filesystem))
#3 {main}
  thrown {"exception":"[object] (Symfony\\Component\\ErrorHandler\\Error\\FatalError(code: 0): Uncaught Symfony\\Component\\Finder\\Exception\\DirectoryNotFoundException: The \"C:\\Users\\Dell\\Downloads\\UltimatePOS-V6.5\\UltimatePOS-CodeBase-V6.5\\custom_views\" directory does not exist. in C:\\Users\\Dell\\Downloads\\UltimatePOS-V6.5\\UltimatePOS-CodeBase-V6.5\\vendor\\symfony\\finder\\Finder.php:649
Stack trace:
#0 C:\\Users\\Dell\\Downloads\\UltimatePOS-V6.5\\UltimatePOS-CodeBase-V6.5\\vendor\\laravel\\framework\\src\\Illuminate\\Filesystem\\Filesystem.php(569): Symfony\\Component\\Finder\\Finder->in('C:\\\\Users\\\\Dell\\\\D...')
#1 Command line code(1): Illuminate\\Filesystem\\Filesystem->files('C:\\\\Users\\\\Dell\\\\D...')
#2 Command line code(1): getViews('C:\\\\Users\\\\Dell\\\\D...', Object(Illuminate\\Filesystem\\Filesystem))
#3 {main}
  thrown at C:\\Users\\Dell\\Downloads\\UltimatePOS-V6.5\\UltimatePOS-CodeBase-V6.5\\vendor\\symfony\\finder\\Finder.php:649)
[stacktrace]
#0 {main}
"} 
[2025-03-25 20:41:07] local.ERROR: Uncaught Symfony\Component\Finder\Exception\DirectoryNotFoundException: The "C:\Users\Dell\Downloads\UltimatePOS-V6.5\UltimatePOS-CodeBase-V6.5\custom_views" directory does not exist. in C:\Users\Dell\Downloads\UltimatePOS-V6.5\UltimatePOS-CodeBase-V6.5\vendor\symfony\finder\Finder.php:649
Stack trace:
#0 C:\Users\Dell\Downloads\UltimatePOS-V6.5\UltimatePOS-CodeBase-V6.5\vendor\laravel\framework\src\Illuminate\Filesystem\Filesystem.php(569): Symfony\Component\Finder\Finder->in('C:\\Users\\Dell\\D...')
#1 Command line code(1): Illuminate\Filesystem\Filesystem->files('C:\\Users\\Dell\\D...')
#2 Command line code(1): getViews('C:\\Users\\Dell\\D...', Object(Illuminate\Filesystem\Filesystem))
#3 {main}
  thrown {"exception":"[object] (Symfony\\Component\\ErrorHandler\\Error\\FatalError(code: 0): Uncaught Symfony\\Component\\Finder\\Exception\\DirectoryNotFoundException: The \"C:\\Users\\Dell\\Downloads\\UltimatePOS-V6.5\\UltimatePOS-CodeBase-V6.5\\custom_views\" directory does not exist. in C:\\Users\\Dell\\Downloads\\UltimatePOS-V6.5\\UltimatePOS-CodeBase-V6.5\\vendor\\symfony\\finder\\Finder.php:649
Stack trace:
#0 C:\\Users\\Dell\\Downloads\\UltimatePOS-V6.5\\UltimatePOS-CodeBase-V6.5\\vendor\\laravel\\framework\\src\\Illuminate\\Filesystem\\Filesystem.php(569): Symfony\\Component\\Finder\\Finder->in('C:\\\\Users\\\\Dell\\\\D...')
#1 Command line code(1): Illuminate\\Filesystem\\Filesystem->files('C:\\\\Users\\\\Dell\\\\D...')
#2 Command line code(1): getViews('C:\\\\Users\\\\Dell\\\\D...', Object(Illuminate\\Filesystem\\Filesystem))
#3 {main}
  thrown at C:\\Users\\Dell\\Downloads\\UltimatePOS-V6.5\\UltimatePOS-CodeBase-V6.5\\vendor\\symfony\\finder\\Finder.php:649)
[stacktrace]
#0 {main}
"} 
[2025-03-25 20:41:08] local.ERROR: Uncaught Symfony\Component\Finder\Exception\DirectoryNotFoundException: The "C:\Users\Dell\Downloads\UltimatePOS-V6.5\UltimatePOS-CodeBase-V6.5\custom_views" directory does not exist. in C:\Users\Dell\Downloads\UltimatePOS-V6.5\UltimatePOS-CodeBase-V6.5\vendor\symfony\finder\Finder.php:649
Stack trace:
#0 C:\Users\Dell\Downloads\UltimatePOS-V6.5\UltimatePOS-CodeBase-V6.5\vendor\laravel\framework\src\Illuminate\Filesystem\Filesystem.php(569): Symfony\Component\Finder\Finder->in('C:\\Users\\Dell\\D...')
#1 Command line code(1): Illuminate\Filesystem\Filesystem->files('C:\\Users\\Dell\\D...')
#2 Command line code(1): getViews('C:\\Users\\Dell\\D...', Object(Illuminate\Filesystem\Filesystem))
#3 {main}
  thrown {"exception":"[object] (Symfony\\Component\\ErrorHandler\\Error\\FatalError(code: 0): Uncaught Symfony\\Component\\Finder\\Exception\\DirectoryNotFoundException: The \"C:\\Users\\Dell\\Downloads\\UltimatePOS-V6.5\\UltimatePOS-CodeBase-V6.5\\custom_views\" directory does not exist. in C:\\Users\\Dell\\Downloads\\UltimatePOS-V6.5\\UltimatePOS-CodeBase-V6.5\\vendor\\symfony\\finder\\Finder.php:649
Stack trace:
#0 C:\\Users\\Dell\\Downloads\\UltimatePOS-V6.5\\UltimatePOS-CodeBase-V6.5\\vendor\\laravel\\framework\\src\\Illuminate\\Filesystem\\Filesystem.php(569): Symfony\\Component\\Finder\\Finder->in('C:\\\\Users\\\\Dell\\\\D...')
#1 Command line code(1): Illuminate\\Filesystem\\Filesystem->files('C:\\\\Users\\\\Dell\\\\D...')
#2 Command line code(1): getViews('C:\\\\Users\\\\Dell\\\\D...', Object(Illuminate\\Filesystem\\Filesystem))
#3 {main}
  thrown at C:\\Users\\Dell\\Downloads\\UltimatePOS-V6.5\\UltimatePOS-CodeBase-V6.5\\vendor\\symfony\\finder\\Finder.php:649)
[stacktrace]
#0 {main}
"} 
[2025-03-25 20:41:10] local.ERROR: Uncaught Symfony\Component\Finder\Exception\DirectoryNotFoundException: The "C:\Users\Dell\Downloads\UltimatePOS-V6.5\UltimatePOS-CodeBase-V6.5\custom_views" directory does not exist. in C:\Users\Dell\Downloads\UltimatePOS-V6.5\UltimatePOS-CodeBase-V6.5\vendor\symfony\finder\Finder.php:649
Stack trace:
#0 C:\Users\Dell\Downloads\UltimatePOS-V6.5\UltimatePOS-CodeBase-V6.5\vendor\laravel\framework\src\Illuminate\Filesystem\Filesystem.php(569): Symfony\Component\Finder\Finder->in('C:\\Users\\Dell\\D...')
#1 Command line code(1): Illuminate\Filesystem\Filesystem->files('C:\\Users\\Dell\\D...')
#2 Command line code(1): getViews('C:\\Users\\Dell\\D...', Object(Illuminate\Filesystem\Filesystem))
#3 {main}
  thrown {"exception":"[object] (Symfony\\Component\\ErrorHandler\\Error\\FatalError(code: 0): Uncaught Symfony\\Component\\Finder\\Exception\\DirectoryNotFoundException: The \"C:\\Users\\Dell\\Downloads\\UltimatePOS-V6.5\\UltimatePOS-CodeBase-V6.5\\custom_views\" directory does not exist. in C:\\Users\\Dell\\Downloads\\UltimatePOS-V6.5\\UltimatePOS-CodeBase-V6.5\\vendor\\symfony\\finder\\Finder.php:649
Stack trace:
#0 C:\\Users\\Dell\\Downloads\\UltimatePOS-V6.5\\UltimatePOS-CodeBase-V6.5\\vendor\\laravel\\framework\\src\\Illuminate\\Filesystem\\Filesystem.php(569): Symfony\\Component\\Finder\\Finder->in('C:\\\\Users\\\\Dell\\\\D...')
#1 Command line code(1): Illuminate\\Filesystem\\Filesystem->files('C:\\\\Users\\\\Dell\\\\D...')
#2 Command line code(1): getViews('C:\\\\Users\\\\Dell\\\\D...', Object(Illuminate\\Filesystem\\Filesystem))
#3 {main}
  thrown at C:\\Users\\Dell\\Downloads\\UltimatePOS-V6.5\\UltimatePOS-CodeBase-V6.5\\vendor\\symfony\\finder\\Finder.php:649)
[stacktrace]
#0 {main}
"} 
[2025-03-25 20:41:11] local.ERROR: Uncaught Symfony\Component\Finder\Exception\DirectoryNotFoundException: The "C:\Users\Dell\Downloads\UltimatePOS-V6.5\UltimatePOS-CodeBase-V6.5\custom_views" directory does not exist. in C:\Users\Dell\Downloads\UltimatePOS-V6.5\UltimatePOS-CodeBase-V6.5\vendor\symfony\finder\Finder.php:649
Stack trace:
#0 C:\Users\Dell\Downloads\UltimatePOS-V6.5\UltimatePOS-CodeBase-V6.5\vendor\laravel\framework\src\Illuminate\Filesystem\Filesystem.php(569): Symfony\Component\Finder\Finder->in('C:\\Users\\Dell\\D...')
#1 Command line code(1): Illuminate\Filesystem\Filesystem->files('C:\\Users\\Dell\\D...')
#2 Command line code(1): getViews('C:\\Users\\Dell\\D...', Object(Illuminate\Filesystem\Filesystem))
#3 {main}
  thrown {"exception":"[object] (Symfony\\Component\\ErrorHandler\\Error\\FatalError(code: 0): Uncaught Symfony\\Component\\Finder\\Exception\\DirectoryNotFoundException: The \"C:\\Users\\Dell\\Downloads\\UltimatePOS-V6.5\\UltimatePOS-CodeBase-V6.5\\custom_views\" directory does not exist. in C:\\Users\\Dell\\Downloads\\UltimatePOS-V6.5\\UltimatePOS-CodeBase-V6.5\\vendor\\symfony\\finder\\Finder.php:649
Stack trace:
#0 C:\\Users\\Dell\\Downloads\\UltimatePOS-V6.5\\UltimatePOS-CodeBase-V6.5\\vendor\\laravel\\framework\\src\\Illuminate\\Filesystem\\Filesystem.php(569): Symfony\\Component\\Finder\\Finder->in('C:\\\\Users\\\\Dell\\\\D...')
#1 Command line code(1): Illuminate\\Filesystem\\Filesystem->files('C:\\\\Users\\\\Dell\\\\D...')
#2 Command line code(1): getViews('C:\\\\Users\\\\Dell\\\\D...', Object(Illuminate\\Filesystem\\Filesystem))
#3 {main}
  thrown at C:\\Users\\Dell\\Downloads\\UltimatePOS-V6.5\\UltimatePOS-CodeBase-V6.5\\vendor\\symfony\\finder\\Finder.php:649)
[stacktrace]
#0 {main}
"} 
[2025-03-25 20:41:12] local.ERROR: Uncaught Symfony\Component\Finder\Exception\DirectoryNotFoundException: The "C:\Users\Dell\Downloads\UltimatePOS-V6.5\UltimatePOS-CodeBase-V6.5\custom_views" directory does not exist. in C:\Users\Dell\Downloads\UltimatePOS-V6.5\UltimatePOS-CodeBase-V6.5\vendor\symfony\finder\Finder.php:649
Stack trace:
#0 C:\Users\Dell\Downloads\UltimatePOS-V6.5\UltimatePOS-CodeBase-V6.5\vendor\laravel\framework\src\Illuminate\Filesystem\Filesystem.php(569): Symfony\Component\Finder\Finder->in('C:\\Users\\Dell\\D...')
#1 Command line code(1): Illuminate\Filesystem\Filesystem->files('C:\\Users\\Dell\\D...')
#2 Command line code(1): getViews('C:\\Users\\Dell\\D...', Object(Illuminate\Filesystem\Filesystem))
#3 {main}
  thrown {"exception":"[object] (Symfony\\Component\\ErrorHandler\\Error\\FatalError(code: 0): Uncaught Symfony\\Component\\Finder\\Exception\\DirectoryNotFoundException: The \"C:\\Users\\Dell\\Downloads\\UltimatePOS-V6.5\\UltimatePOS-CodeBase-V6.5\\custom_views\" directory does not exist. in C:\\Users\\Dell\\Downloads\\UltimatePOS-V6.5\\UltimatePOS-CodeBase-V6.5\\vendor\\symfony\\finder\\Finder.php:649
Stack trace:
#0 C:\\Users\\Dell\\Downloads\\UltimatePOS-V6.5\\UltimatePOS-CodeBase-V6.5\\vendor\\laravel\\framework\\src\\Illuminate\\Filesystem\\Filesystem.php(569): Symfony\\Component\\Finder\\Finder->in('C:\\\\Users\\\\Dell\\\\D...')
#1 Command line code(1): Illuminate\\Filesystem\\Filesystem->files('C:\\\\Users\\\\Dell\\\\D...')
#2 Command line code(1): getViews('C:\\\\Users\\\\Dell\\\\D...', Object(Illuminate\\Filesystem\\Filesystem))
#3 {main}
  thrown at C:\\Users\\Dell\\Downloads\\UltimatePOS-V6.5\\UltimatePOS-CodeBase-V6.5\\vendor\\symfony\\finder\\Finder.php:649)
[stacktrace]
#0 {main}
"} 
[2025-03-25 20:41:13] local.ERROR: Uncaught Symfony\Component\Finder\Exception\DirectoryNotFoundException: The "C:\Users\Dell\Downloads\UltimatePOS-V6.5\UltimatePOS-CodeBase-V6.5\custom_views" directory does not exist. in C:\Users\Dell\Downloads\UltimatePOS-V6.5\UltimatePOS-CodeBase-V6.5\vendor\symfony\finder\Finder.php:649
Stack trace:
#0 C:\Users\Dell\Downloads\UltimatePOS-V6.5\UltimatePOS-CodeBase-V6.5\vendor\laravel\framework\src\Illuminate\Filesystem\Filesystem.php(569): Symfony\Component\Finder\Finder->in('C:\\Users\\Dell\\D...')
#1 Command line code(1): Illuminate\Filesystem\Filesystem->files('C:\\Users\\Dell\\D...')
#2 Command line code(1): getViews('C:\\Users\\Dell\\D...', Object(Illuminate\Filesystem\Filesystem))
#3 {main}
  thrown {"exception":"[object] (Symfony\\Component\\ErrorHandler\\Error\\FatalError(code: 0): Uncaught Symfony\\Component\\Finder\\Exception\\DirectoryNotFoundException: The \"C:\\Users\\Dell\\Downloads\\UltimatePOS-V6.5\\UltimatePOS-CodeBase-V6.5\\custom_views\" directory does not exist. in C:\\Users\\Dell\\Downloads\\UltimatePOS-V6.5\\UltimatePOS-CodeBase-V6.5\\vendor\\symfony\\finder\\Finder.php:649
Stack trace:
#0 C:\\Users\\Dell\\Downloads\\UltimatePOS-V6.5\\UltimatePOS-CodeBase-V6.5\\vendor\\laravel\\framework\\src\\Illuminate\\Filesystem\\Filesystem.php(569): Symfony\\Component\\Finder\\Finder->in('C:\\\\Users\\\\Dell\\\\D...')
#1 Command line code(1): Illuminate\\Filesystem\\Filesystem->files('C:\\\\Users\\\\Dell\\\\D...')
#2 Command line code(1): getViews('C:\\\\Users\\\\Dell\\\\D...', Object(Illuminate\\Filesystem\\Filesystem))
#3 {main}
  thrown at C:\\Users\\Dell\\Downloads\\UltimatePOS-V6.5\\UltimatePOS-CodeBase-V6.5\\vendor\\symfony\\finder\\Finder.php:649)
[stacktrace]
#0 {main}
"} 
[2025-03-25 20:41:15] local.ERROR: Uncaught Symfony\Component\Finder\Exception\DirectoryNotFoundException: The "C:\Users\Dell\Downloads\UltimatePOS-V6.5\UltimatePOS-CodeBase-V6.5\custom_views" directory does not exist. in C:\Users\Dell\Downloads\UltimatePOS-V6.5\UltimatePOS-CodeBase-V6.5\vendor\symfony\finder\Finder.php:649
Stack trace:
#0 C:\Users\Dell\Downloads\UltimatePOS-V6.5\UltimatePOS-CodeBase-V6.5\vendor\laravel\framework\src\Illuminate\Filesystem\Filesystem.php(569): Symfony\Component\Finder\Finder->in('C:\\Users\\Dell\\D...')
#1 Command line code(1): Illuminate\Filesystem\Filesystem->files('C:\\Users\\Dell\\D...')
#2 Command line code(1): getViews('C:\\Users\\Dell\\D...', Object(Illuminate\Filesystem\Filesystem))
#3 {main}
  thrown {"exception":"[object] (Symfony\\Component\\ErrorHandler\\Error\\FatalError(code: 0): Uncaught Symfony\\Component\\Finder\\Exception\\DirectoryNotFoundException: The \"C:\\Users\\Dell\\Downloads\\UltimatePOS-V6.5\\UltimatePOS-CodeBase-V6.5\\custom_views\" directory does not exist. in C:\\Users\\Dell\\Downloads\\UltimatePOS-V6.5\\UltimatePOS-CodeBase-V6.5\\vendor\\symfony\\finder\\Finder.php:649
Stack trace:
#0 C:\\Users\\Dell\\Downloads\\UltimatePOS-V6.5\\UltimatePOS-CodeBase-V6.5\\vendor\\laravel\\framework\\src\\Illuminate\\Filesystem\\Filesystem.php(569): Symfony\\Component\\Finder\\Finder->in('C:\\\\Users\\\\Dell\\\\D...')
#1 Command line code(1): Illuminate\\Filesystem\\Filesystem->files('C:\\\\Users\\\\Dell\\\\D...')
#2 Command line code(1): getViews('C:\\\\Users\\\\Dell\\\\D...', Object(Illuminate\\Filesystem\\Filesystem))
#3 {main}
  thrown at C:\\Users\\Dell\\Downloads\\UltimatePOS-V6.5\\UltimatePOS-CodeBase-V6.5\\vendor\\symfony\\finder\\Finder.php:649)
[stacktrace]
#0 {main}
"} 
[2025-03-25 20:41:16] local.ERROR: Uncaught Symfony\Component\Finder\Exception\DirectoryNotFoundException: The "C:\Users\Dell\Downloads\UltimatePOS-V6.5\UltimatePOS-CodeBase-V6.5\custom_views" directory does not exist. in C:\Users\Dell\Downloads\UltimatePOS-V6.5\UltimatePOS-CodeBase-V6.5\vendor\symfony\finder\Finder.php:649
Stack trace:
#0 C:\Users\Dell\Downloads\UltimatePOS-V6.5\UltimatePOS-CodeBase-V6.5\vendor\laravel\framework\src\Illuminate\Filesystem\Filesystem.php(569): Symfony\Component\Finder\Finder->in('C:\\Users\\Dell\\D...')
#1 Command line code(1): Illuminate\Filesystem\Filesystem->files('C:\\Users\\Dell\\D...')
#2 Command line code(1): getViews('C:\\Users\\Dell\\D...', Object(Illuminate\Filesystem\Filesystem))
#3 {main}
  thrown {"exception":"[object] (Symfony\\Component\\ErrorHandler\\Error\\FatalError(code: 0): Uncaught Symfony\\Component\\Finder\\Exception\\DirectoryNotFoundException: The \"C:\\Users\\Dell\\Downloads\\UltimatePOS-V6.5\\UltimatePOS-CodeBase-V6.5\\custom_views\" directory does not exist. in C:\\Users\\Dell\\Downloads\\UltimatePOS-V6.5\\UltimatePOS-CodeBase-V6.5\\vendor\\symfony\\finder\\Finder.php:649
Stack trace:
#0 C:\\Users\\Dell\\Downloads\\UltimatePOS-V6.5\\UltimatePOS-CodeBase-V6.5\\vendor\\laravel\\framework\\src\\Illuminate\\Filesystem\\Filesystem.php(569): Symfony\\Component\\Finder\\Finder->in('C:\\\\Users\\\\Dell\\\\D...')
#1 Command line code(1): Illuminate\\Filesystem\\Filesystem->files('C:\\\\Users\\\\Dell\\\\D...')
#2 Command line code(1): getViews('C:\\\\Users\\\\Dell\\\\D...', Object(Illuminate\\Filesystem\\Filesystem))
#3 {main}
  thrown at C:\\Users\\Dell\\Downloads\\UltimatePOS-V6.5\\UltimatePOS-CodeBase-V6.5\\vendor\\symfony\\finder\\Finder.php:649)
[stacktrace]
#0 {main}
"} 
[2025-03-25 20:41:17] local.ERROR: Uncaught Symfony\Component\Finder\Exception\DirectoryNotFoundException: The "C:\Users\Dell\Downloads\UltimatePOS-V6.5\UltimatePOS-CodeBase-V6.5\custom_views" directory does not exist. in C:\Users\Dell\Downloads\UltimatePOS-V6.5\UltimatePOS-CodeBase-V6.5\vendor\symfony\finder\Finder.php:649
Stack trace:
#0 C:\Users\Dell\Downloads\UltimatePOS-V6.5\UltimatePOS-CodeBase-V6.5\vendor\laravel\framework\src\Illuminate\Filesystem\Filesystem.php(569): Symfony\Component\Finder\Finder->in('C:\\Users\\Dell\\D...')
#1 Command line code(1): Illuminate\Filesystem\Filesystem->files('C:\\Users\\Dell\\D...')
#2 Command line code(1): getViews('C:\\Users\\Dell\\D...', Object(Illuminate\Filesystem\Filesystem))
#3 {main}
  thrown {"exception":"[object] (Symfony\\Component\\ErrorHandler\\Error\\FatalError(code: 0): Uncaught Symfony\\Component\\Finder\\Exception\\DirectoryNotFoundException: The \"C:\\Users\\Dell\\Downloads\\UltimatePOS-V6.5\\UltimatePOS-CodeBase-V6.5\\custom_views\" directory does not exist. in C:\\Users\\Dell\\Downloads\\UltimatePOS-V6.5\\UltimatePOS-CodeBase-V6.5\\vendor\\symfony\\finder\\Finder.php:649
Stack trace:
#0 C:\\Users\\Dell\\Downloads\\UltimatePOS-V6.5\\UltimatePOS-CodeBase-V6.5\\vendor\\laravel\\framework\\src\\Illuminate\\Filesystem\\Filesystem.php(569): Symfony\\Component\\Finder\\Finder->in('C:\\\\Users\\\\Dell\\\\D...')
#1 Command line code(1): Illuminate\\Filesystem\\Filesystem->files('C:\\\\Users\\\\Dell\\\\D...')
#2 Command line code(1): getViews('C:\\\\Users\\\\Dell\\\\D...', Object(Illuminate\\Filesystem\\Filesystem))
#3 {main}
  thrown at C:\\Users\\Dell\\Downloads\\UltimatePOS-V6.5\\UltimatePOS-CodeBase-V6.5\\vendor\\symfony\\finder\\Finder.php:649)
[stacktrace]
#0 {main}
"} 
[2025-03-25 20:41:18] local.ERROR: Uncaught Symfony\Component\Finder\Exception\DirectoryNotFoundException: The "C:\Users\Dell\Downloads\UltimatePOS-V6.5\UltimatePOS-CodeBase-V6.5\custom_views" directory does not exist. in C:\Users\Dell\Downloads\UltimatePOS-V6.5\UltimatePOS-CodeBase-V6.5\vendor\symfony\finder\Finder.php:649
Stack trace:
#0 C:\Users\Dell\Downloads\UltimatePOS-V6.5\UltimatePOS-CodeBase-V6.5\vendor\laravel\framework\src\Illuminate\Filesystem\Filesystem.php(569): Symfony\Component\Finder\Finder->in('C:\\Users\\Dell\\D...')
#1 Command line code(1): Illuminate\Filesystem\Filesystem->files('C:\\Users\\Dell\\D...')
#2 Command line code(1): getViews('C:\\Users\\Dell\\D...', Object(Illuminate\Filesystem\Filesystem))
#3 {main}
  thrown {"exception":"[object] (Symfony\\Component\\ErrorHandler\\Error\\FatalError(code: 0): Uncaught Symfony\\Component\\Finder\\Exception\\DirectoryNotFoundException: The \"C:\\Users\\Dell\\Downloads\\UltimatePOS-V6.5\\UltimatePOS-CodeBase-V6.5\\custom_views\" directory does not exist. in C:\\Users\\Dell\\Downloads\\UltimatePOS-V6.5\\UltimatePOS-CodeBase-V6.5\\vendor\\symfony\\finder\\Finder.php:649
Stack trace:
#0 C:\\Users\\Dell\\Downloads\\UltimatePOS-V6.5\\UltimatePOS-CodeBase-V6.5\\vendor\\laravel\\framework\\src\\Illuminate\\Filesystem\\Filesystem.php(569): Symfony\\Component\\Finder\\Finder->in('C:\\\\Users\\\\Dell\\\\D...')
#1 Command line code(1): Illuminate\\Filesystem\\Filesystem->files('C:\\\\Users\\\\Dell\\\\D...')
#2 Command line code(1): getViews('C:\\\\Users\\\\Dell\\\\D...', Object(Illuminate\\Filesystem\\Filesystem))
#3 {main}
  thrown at C:\\Users\\Dell\\Downloads\\UltimatePOS-V6.5\\UltimatePOS-CodeBase-V6.5\\vendor\\symfony\\finder\\Finder.php:649)
[stacktrace]
#0 {main}
"} 
[2025-03-25 20:41:20] local.ERROR: Uncaught Symfony\Component\Finder\Exception\DirectoryNotFoundException: The "C:\Users\Dell\Downloads\UltimatePOS-V6.5\UltimatePOS-CodeBase-V6.5\custom_views" directory does not exist. in C:\Users\Dell\Downloads\UltimatePOS-V6.5\UltimatePOS-CodeBase-V6.5\vendor\symfony\finder\Finder.php:649
Stack trace:
#0 C:\Users\Dell\Downloads\UltimatePOS-V6.5\UltimatePOS-CodeBase-V6.5\vendor\laravel\framework\src\Illuminate\Filesystem\Filesystem.php(569): Symfony\Component\Finder\Finder->in('C:\\Users\\Dell\\D...')
#1 Command line code(1): Illuminate\Filesystem\Filesystem->files('C:\\Users\\Dell\\D...')
#2 Command line code(1): getViews('C:\\Users\\Dell\\D...', Object(Illuminate\Filesystem\Filesystem))
#3 {main}
  thrown {"exception":"[object] (Symfony\\Component\\ErrorHandler\\Error\\FatalError(code: 0): Uncaught Symfony\\Component\\Finder\\Exception\\DirectoryNotFoundException: The \"C:\\Users\\Dell\\Downloads\\UltimatePOS-V6.5\\UltimatePOS-CodeBase-V6.5\\custom_views\" directory does not exist. in C:\\Users\\Dell\\Downloads\\UltimatePOS-V6.5\\UltimatePOS-CodeBase-V6.5\\vendor\\symfony\\finder\\Finder.php:649
Stack trace:
#0 C:\\Users\\Dell\\Downloads\\UltimatePOS-V6.5\\UltimatePOS-CodeBase-V6.5\\vendor\\laravel\\framework\\src\\Illuminate\\Filesystem\\Filesystem.php(569): Symfony\\Component\\Finder\\Finder->in('C:\\\\Users\\\\Dell\\\\D...')
#1 Command line code(1): Illuminate\\Filesystem\\Filesystem->files('C:\\\\Users\\\\Dell\\\\D...')
#2 Command line code(1): getViews('C:\\\\Users\\\\Dell\\\\D...', Object(Illuminate\\Filesystem\\Filesystem))
#3 {main}
  thrown at C:\\Users\\Dell\\Downloads\\UltimatePOS-V6.5\\UltimatePOS-CodeBase-V6.5\\vendor\\symfony\\finder\\Finder.php:649)
[stacktrace]
#0 {main}
"} 
[2025-03-25 20:41:21] local.ERROR: Uncaught Symfony\Component\Finder\Exception\DirectoryNotFoundException: The "C:\Users\Dell\Downloads\UltimatePOS-V6.5\UltimatePOS-CodeBase-V6.5\custom_views" directory does not exist. in C:\Users\Dell\Downloads\UltimatePOS-V6.5\UltimatePOS-CodeBase-V6.5\vendor\symfony\finder\Finder.php:649
Stack trace:
#0 C:\Users\Dell\Downloads\UltimatePOS-V6.5\UltimatePOS-CodeBase-V6.5\vendor\laravel\framework\src\Illuminate\Filesystem\Filesystem.php(569): Symfony\Component\Finder\Finder->in('C:\\Users\\Dell\\D...')
#1 Command line code(1): Illuminate\Filesystem\Filesystem->files('C:\\Users\\Dell\\D...')
#2 Command line code(1): getViews('C:\\Users\\Dell\\D...', Object(Illuminate\Filesystem\Filesystem))
#3 {main}
  thrown {"exception":"[object] (Symfony\\Component\\ErrorHandler\\Error\\FatalError(code: 0): Uncaught Symfony\\Component\\Finder\\Exception\\DirectoryNotFoundException: The \"C:\\Users\\Dell\\Downloads\\UltimatePOS-V6.5\\UltimatePOS-CodeBase-V6.5\\custom_views\" directory does not exist. in C:\\Users\\Dell\\Downloads\\UltimatePOS-V6.5\\UltimatePOS-CodeBase-V6.5\\vendor\\symfony\\finder\\Finder.php:649
Stack trace:
#0 C:\\Users\\Dell\\Downloads\\UltimatePOS-V6.5\\UltimatePOS-CodeBase-V6.5\\vendor\\laravel\\framework\\src\\Illuminate\\Filesystem\\Filesystem.php(569): Symfony\\Component\\Finder\\Finder->in('C:\\\\Users\\\\Dell\\\\D...')
#1 Command line code(1): Illuminate\\Filesystem\\Filesystem->files('C:\\\\Users\\\\Dell\\\\D...')
#2 Command line code(1): getViews('C:\\\\Users\\\\Dell\\\\D...', Object(Illuminate\\Filesystem\\Filesystem))
#3 {main}
  thrown at C:\\Users\\Dell\\Downloads\\UltimatePOS-V6.5\\UltimatePOS-CodeBase-V6.5\\vendor\\symfony\\finder\\Finder.php:649)
[stacktrace]
#0 {main}
"} 
[2025-03-25 20:41:22] local.ERROR: Uncaught Symfony\Component\Finder\Exception\DirectoryNotFoundException: The "C:\Users\Dell\Downloads\UltimatePOS-V6.5\UltimatePOS-CodeBase-V6.5\custom_views" directory does not exist. in C:\Users\Dell\Downloads\UltimatePOS-V6.5\UltimatePOS-CodeBase-V6.5\vendor\symfony\finder\Finder.php:649
Stack trace:
#0 C:\Users\Dell\Downloads\UltimatePOS-V6.5\UltimatePOS-CodeBase-V6.5\vendor\laravel\framework\src\Illuminate\Filesystem\Filesystem.php(569): Symfony\Component\Finder\Finder->in('C:\\Users\\Dell\\D...')
#1 Command line code(1): Illuminate\Filesystem\Filesystem->files('C:\\Users\\Dell\\D...')
#2 Command line code(1): getViews('C:\\Users\\Dell\\D...', Object(Illuminate\Filesystem\Filesystem))
#3 {main}
  thrown {"exception":"[object] (Symfony\\Component\\ErrorHandler\\Error\\FatalError(code: 0): Uncaught Symfony\\Component\\Finder\\Exception\\DirectoryNotFoundException: The \"C:\\Users\\Dell\\Downloads\\UltimatePOS-V6.5\\UltimatePOS-CodeBase-V6.5\\custom_views\" directory does not exist. in C:\\Users\\Dell\\Downloads\\UltimatePOS-V6.5\\UltimatePOS-CodeBase-V6.5\\vendor\\symfony\\finder\\Finder.php:649
Stack trace:
#0 C:\\Users\\Dell\\Downloads\\UltimatePOS-V6.5\\UltimatePOS-CodeBase-V6.5\\vendor\\laravel\\framework\\src\\Illuminate\\Filesystem\\Filesystem.php(569): Symfony\\Component\\Finder\\Finder->in('C:\\\\Users\\\\Dell\\\\D...')
#1 Command line code(1): Illuminate\\Filesystem\\Filesystem->files('C:\\\\Users\\\\Dell\\\\D...')
#2 Command line code(1): getViews('C:\\\\Users\\\\Dell\\\\D...', Object(Illuminate\\Filesystem\\Filesystem))
#3 {main}
  thrown at C:\\Users\\Dell\\Downloads\\UltimatePOS-V6.5\\UltimatePOS-CodeBase-V6.5\\vendor\\symfony\\finder\\Finder.php:649)
[stacktrace]
#0 {main}
"} 
[2025-03-25 20:41:23] local.ERROR: Uncaught Symfony\Component\Finder\Exception\DirectoryNotFoundException: The "C:\Users\Dell\Downloads\UltimatePOS-V6.5\UltimatePOS-CodeBase-V6.5\custom_views" directory does not exist. in C:\Users\Dell\Downloads\UltimatePOS-V6.5\UltimatePOS-CodeBase-V6.5\vendor\symfony\finder\Finder.php:649
Stack trace:
#0 C:\Users\Dell\Downloads\UltimatePOS-V6.5\UltimatePOS-CodeBase-V6.5\vendor\laravel\framework\src\Illuminate\Filesystem\Filesystem.php(569): Symfony\Component\Finder\Finder->in('C:\\Users\\Dell\\D...')
#1 Command line code(1): Illuminate\Filesystem\Filesystem->files('C:\\Users\\Dell\\D...')
#2 Command line code(1): getViews('C:\\Users\\Dell\\D...', Object(Illuminate\Filesystem\Filesystem))
#3 {main}
  thrown {"exception":"[object] (Symfony\\Component\\ErrorHandler\\Error\\FatalError(code: 0): Uncaught Symfony\\Component\\Finder\\Exception\\DirectoryNotFoundException: The \"C:\\Users\\Dell\\Downloads\\UltimatePOS-V6.5\\UltimatePOS-CodeBase-V6.5\\custom_views\" directory does not exist. in C:\\Users\\Dell\\Downloads\\UltimatePOS-V6.5\\UltimatePOS-CodeBase-V6.5\\vendor\\symfony\\finder\\Finder.php:649
Stack trace:
#0 C:\\Users\\Dell\\Downloads\\UltimatePOS-V6.5\\UltimatePOS-CodeBase-V6.5\\vendor\\laravel\\framework\\src\\Illuminate\\Filesystem\\Filesystem.php(569): Symfony\\Component\\Finder\\Finder->in('C:\\\\Users\\\\Dell\\\\D...')
#1 Command line code(1): Illuminate\\Filesystem\\Filesystem->files('C:\\\\Users\\\\Dell\\\\D...')
#2 Command line code(1): getViews('C:\\\\Users\\\\Dell\\\\D...', Object(Illuminate\\Filesystem\\Filesystem))
#3 {main}
  thrown at C:\\Users\\Dell\\Downloads\\UltimatePOS-V6.5\\UltimatePOS-CodeBase-V6.5\\vendor\\symfony\\finder\\Finder.php:649)
[stacktrace]
#0 {main}
"} 
[2025-03-25 20:41:25] local.ERROR: Uncaught Symfony\Component\Finder\Exception\DirectoryNotFoundException: The "C:\Users\Dell\Downloads\UltimatePOS-V6.5\UltimatePOS-CodeBase-V6.5\custom_views" directory does not exist. in C:\Users\Dell\Downloads\UltimatePOS-V6.5\UltimatePOS-CodeBase-V6.5\vendor\symfony\finder\Finder.php:649
Stack trace:
#0 C:\Users\Dell\Downloads\UltimatePOS-V6.5\UltimatePOS-CodeBase-V6.5\vendor\laravel\framework\src\Illuminate\Filesystem\Filesystem.php(569): Symfony\Component\Finder\Finder->in('C:\\Users\\Dell\\D...')
#1 Command line code(1): Illuminate\Filesystem\Filesystem->files('C:\\Users\\Dell\\D...')
#2 Command line code(1): getViews('C:\\Users\\Dell\\D...', Object(Illuminate\Filesystem\Filesystem))
#3 {main}
  thrown {"exception":"[object] (Symfony\\Component\\ErrorHandler\\Error\\FatalError(code: 0): Uncaught Symfony\\Component\\Finder\\Exception\\DirectoryNotFoundException: The \"C:\\Users\\Dell\\Downloads\\UltimatePOS-V6.5\\UltimatePOS-CodeBase-V6.5\\custom_views\" directory does not exist. in C:\\Users\\Dell\\Downloads\\UltimatePOS-V6.5\\UltimatePOS-CodeBase-V6.5\\vendor\\symfony\\finder\\Finder.php:649
Stack trace:
#0 C:\\Users\\Dell\\Downloads\\UltimatePOS-V6.5\\UltimatePOS-CodeBase-V6.5\\vendor\\laravel\\framework\\src\\Illuminate\\Filesystem\\Filesystem.php(569): Symfony\\Component\\Finder\\Finder->in('C:\\\\Users\\\\Dell\\\\D...')
#1 Command line code(1): Illuminate\\Filesystem\\Filesystem->files('C:\\\\Users\\\\Dell\\\\D...')
#2 Command line code(1): getViews('C:\\\\Users\\\\Dell\\\\D...', Object(Illuminate\\Filesystem\\Filesystem))
#3 {main}
  thrown at C:\\Users\\Dell\\Downloads\\UltimatePOS-V6.5\\UltimatePOS-CodeBase-V6.5\\vendor\\symfony\\finder\\Finder.php:649)
[stacktrace]
#0 {main}
"} 
[2025-03-25 20:41:26] local.ERROR: Uncaught Symfony\Component\Finder\Exception\DirectoryNotFoundException: The "C:\Users\Dell\Downloads\UltimatePOS-V6.5\UltimatePOS-CodeBase-V6.5\custom_views" directory does not exist. in C:\Users\Dell\Downloads\UltimatePOS-V6.5\UltimatePOS-CodeBase-V6.5\vendor\symfony\finder\Finder.php:649
Stack trace:
#0 C:\Users\Dell\Downloads\UltimatePOS-V6.5\UltimatePOS-CodeBase-V6.5\vendor\laravel\framework\src\Illuminate\Filesystem\Filesystem.php(569): Symfony\Component\Finder\Finder->in('C:\\Users\\Dell\\D...')
#1 Command line code(1): Illuminate\Filesystem\Filesystem->files('C:\\Users\\Dell\\D...')
#2 Command line code(1): getViews('C:\\Users\\Dell\\D...', Object(Illuminate\Filesystem\Filesystem))
#3 {main}
  thrown {"exception":"[object] (Symfony\\Component\\ErrorHandler\\Error\\FatalError(code: 0): Uncaught Symfony\\Component\\Finder\\Exception\\DirectoryNotFoundException: The \"C:\\Users\\Dell\\Downloads\\UltimatePOS-V6.5\\UltimatePOS-CodeBase-V6.5\\custom_views\" directory does not exist. in C:\\Users\\Dell\\Downloads\\UltimatePOS-V6.5\\UltimatePOS-CodeBase-V6.5\\vendor\\symfony\\finder\\Finder.php:649
Stack trace:
#0 C:\\Users\\Dell\\Downloads\\UltimatePOS-V6.5\\UltimatePOS-CodeBase-V6.5\\vendor\\laravel\\framework\\src\\Illuminate\\Filesystem\\Filesystem.php(569): Symfony\\Component\\Finder\\Finder->in('C:\\\\Users\\\\Dell\\\\D...')
#1 Command line code(1): Illuminate\\Filesystem\\Filesystem->files('C:\\\\Users\\\\Dell\\\\D...')
#2 Command line code(1): getViews('C:\\\\Users\\\\Dell\\\\D...', Object(Illuminate\\Filesystem\\Filesystem))
#3 {main}
  thrown at C:\\Users\\Dell\\Downloads\\UltimatePOS-V6.5\\UltimatePOS-CodeBase-V6.5\\vendor\\symfony\\finder\\Finder.php:649)
[stacktrace]
#0 {main}
"} 
[2025-03-25 20:41:27] local.ERROR: Uncaught ReflectionException: Class "App\Policies\ModelPolicy" does not exist in Command line code:1
Stack trace:
#0 Command line code(1): ReflectionClass->__construct('App\\Policies\\Mo...')
#1 [internal function]: {closure}('App\\Policies\\Mo...', 'App\\Model')
#2 Command line code(1): array_map(Object(Closure), Array, Array)
#3 {main}
  thrown {"exception":"[object] (Symfony\\Component\\ErrorHandler\\Error\\FatalError(code: 0): Uncaught ReflectionException: Class \"App\\Policies\\ModelPolicy\" does not exist in Command line code:1
Stack trace:
#0 Command line code(1): ReflectionClass->__construct('App\\\\Policies\\\\Mo...')
#1 [internal function]: {closure}('App\\\\Policies\\\\Mo...', 'App\\\\Model')
#2 Command line code(1): array_map(Object(Closure), Array, Array)
#3 {main}
  thrown at Command line code:1)
[stacktrace]
#0 {main}
"} 
[2025-03-25 20:41:27] local.ERROR: Uncaught Symfony\Component\Finder\Exception\DirectoryNotFoundException: The "C:\Users\Dell\Downloads\UltimatePOS-V6.5\UltimatePOS-CodeBase-V6.5\custom_views" directory does not exist. in C:\Users\Dell\Downloads\UltimatePOS-V6.5\UltimatePOS-CodeBase-V6.5\vendor\symfony\finder\Finder.php:649
Stack trace:
#0 C:\Users\Dell\Downloads\UltimatePOS-V6.5\UltimatePOS-CodeBase-V6.5\vendor\laravel\framework\src\Illuminate\Filesystem\Filesystem.php(569): Symfony\Component\Finder\Finder->in('C:\\Users\\Dell\\D...')
#1 Command line code(1): Illuminate\Filesystem\Filesystem->files('C:\\Users\\Dell\\D...')
#2 Command line code(1): getViews('C:\\Users\\Dell\\D...', Object(Illuminate\Filesystem\Filesystem))
#3 {main}
  thrown {"exception":"[object] (Symfony\\Component\\ErrorHandler\\Error\\FatalError(code: 0): Uncaught Symfony\\Component\\Finder\\Exception\\DirectoryNotFoundException: The \"C:\\Users\\Dell\\Downloads\\UltimatePOS-V6.5\\UltimatePOS-CodeBase-V6.5\\custom_views\" directory does not exist. in C:\\Users\\Dell\\Downloads\\UltimatePOS-V6.5\\UltimatePOS-CodeBase-V6.5\\vendor\\symfony\\finder\\Finder.php:649
Stack trace:
#0 C:\\Users\\Dell\\Downloads\\UltimatePOS-V6.5\\UltimatePOS-CodeBase-V6.5\\vendor\\laravel\\framework\\src\\Illuminate\\Filesystem\\Filesystem.php(569): Symfony\\Component\\Finder\\Finder->in('C:\\\\Users\\\\Dell\\\\D...')
#1 Command line code(1): Illuminate\\Filesystem\\Filesystem->files('C:\\\\Users\\\\Dell\\\\D...')
#2 Command line code(1): getViews('C:\\\\Users\\\\Dell\\\\D...', Object(Illuminate\\Filesystem\\Filesystem))
#3 {main}
  thrown at C:\\Users\\Dell\\Downloads\\UltimatePOS-V6.5\\UltimatePOS-CodeBase-V6.5\\vendor\\symfony\\finder\\Finder.php:649)
[stacktrace]
#0 {main}
"} 
[2025-03-25 20:41:28] local.ERROR: Uncaught Symfony\Component\Finder\Exception\DirectoryNotFoundException: The "C:\Users\Dell\Downloads\UltimatePOS-V6.5\UltimatePOS-CodeBase-V6.5\custom_views" directory does not exist. in C:\Users\Dell\Downloads\UltimatePOS-V6.5\UltimatePOS-CodeBase-V6.5\vendor\symfony\finder\Finder.php:649
Stack trace:
#0 C:\Users\Dell\Downloads\UltimatePOS-V6.5\UltimatePOS-CodeBase-V6.5\vendor\laravel\framework\src\Illuminate\Filesystem\Filesystem.php(569): Symfony\Component\Finder\Finder->in('C:\\Users\\Dell\\D...')
#1 Command line code(1): Illuminate\Filesystem\Filesystem->files('C:\\Users\\Dell\\D...')
#2 Command line code(1): getViews('C:\\Users\\Dell\\D...', Object(Illuminate\Filesystem\Filesystem))
#3 {main}
  thrown {"exception":"[object] (Symfony\\Component\\ErrorHandler\\Error\\FatalError(code: 0): Uncaught Symfony\\Component\\Finder\\Exception\\DirectoryNotFoundException: The \"C:\\Users\\Dell\\Downloads\\UltimatePOS-V6.5\\UltimatePOS-CodeBase-V6.5\\custom_views\" directory does not exist. in C:\\Users\\Dell\\Downloads\\UltimatePOS-V6.5\\UltimatePOS-CodeBase-V6.5\\vendor\\symfony\\finder\\Finder.php:649
Stack trace:
#0 C:\\Users\\Dell\\Downloads\\UltimatePOS-V6.5\\UltimatePOS-CodeBase-V6.5\\vendor\\laravel\\framework\\src\\Illuminate\\Filesystem\\Filesystem.php(569): Symfony\\Component\\Finder\\Finder->in('C:\\\\Users\\\\Dell\\\\D...')
#1 Command line code(1): Illuminate\\Filesystem\\Filesystem->files('C:\\\\Users\\\\Dell\\\\D...')
#2 Command line code(1): getViews('C:\\\\Users\\\\Dell\\\\D...', Object(Illuminate\\Filesystem\\Filesystem))
#3 {main}
  thrown at C:\\Users\\Dell\\Downloads\\UltimatePOS-V6.5\\UltimatePOS-CodeBase-V6.5\\vendor\\symfony\\finder\\Finder.php:649)
[stacktrace]
#0 {main}
"} 
[2025-03-25 20:41:30] local.ERROR: Uncaught Symfony\Component\Finder\Exception\DirectoryNotFoundException: The "C:\Users\Dell\Downloads\UltimatePOS-V6.5\UltimatePOS-CodeBase-V6.5\custom_views" directory does not exist. in C:\Users\Dell\Downloads\UltimatePOS-V6.5\UltimatePOS-CodeBase-V6.5\vendor\symfony\finder\Finder.php:649
Stack trace:
#0 C:\Users\Dell\Downloads\UltimatePOS-V6.5\UltimatePOS-CodeBase-V6.5\vendor\laravel\framework\src\Illuminate\Filesystem\Filesystem.php(569): Symfony\Component\Finder\Finder->in('C:\\Users\\Dell\\D...')
#1 Command line code(1): Illuminate\Filesystem\Filesystem->files('C:\\Users\\Dell\\D...')
#2 Command line code(1): getViews('C:\\Users\\Dell\\D...', Object(Illuminate\Filesystem\Filesystem))
#3 {main}
  thrown {"exception":"[object] (Symfony\\Component\\ErrorHandler\\Error\\FatalError(code: 0): Uncaught Symfony\\Component\\Finder\\Exception\\DirectoryNotFoundException: The \"C:\\Users\\Dell\\Downloads\\UltimatePOS-V6.5\\UltimatePOS-CodeBase-V6.5\\custom_views\" directory does not exist. in C:\\Users\\Dell\\Downloads\\UltimatePOS-V6.5\\UltimatePOS-CodeBase-V6.5\\vendor\\symfony\\finder\\Finder.php:649
Stack trace:
#0 C:\\Users\\Dell\\Downloads\\UltimatePOS-V6.5\\UltimatePOS-CodeBase-V6.5\\vendor\\laravel\\framework\\src\\Illuminate\\Filesystem\\Filesystem.php(569): Symfony\\Component\\Finder\\Finder->in('C:\\\\Users\\\\Dell\\\\D...')
#1 Command line code(1): Illuminate\\Filesystem\\Filesystem->files('C:\\\\Users\\\\Dell\\\\D...')
#2 Command line code(1): getViews('C:\\\\Users\\\\Dell\\\\D...', Object(Illuminate\\Filesystem\\Filesystem))
#3 {main}
  thrown at C:\\Users\\Dell\\Downloads\\UltimatePOS-V6.5\\UltimatePOS-CodeBase-V6.5\\vendor\\symfony\\finder\\Finder.php:649)
[stacktrace]
#0 {main}
"} 
[2025-03-25 20:41:31] local.ERROR: Uncaught Symfony\Component\Finder\Exception\DirectoryNotFoundException: The "C:\Users\Dell\Downloads\UltimatePOS-V6.5\UltimatePOS-CodeBase-V6.5\custom_views" directory does not exist. in C:\Users\Dell\Downloads\UltimatePOS-V6.5\UltimatePOS-CodeBase-V6.5\vendor\symfony\finder\Finder.php:649
Stack trace:
#0 C:\Users\Dell\Downloads\UltimatePOS-V6.5\UltimatePOS-CodeBase-V6.5\vendor\laravel\framework\src\Illuminate\Filesystem\Filesystem.php(569): Symfony\Component\Finder\Finder->in('C:\\Users\\Dell\\D...')
#1 Command line code(1): Illuminate\Filesystem\Filesystem->files('C:\\Users\\Dell\\D...')
#2 Command line code(1): getViews('C:\\Users\\Dell\\D...', Object(Illuminate\Filesystem\Filesystem))
#3 {main}
  thrown {"exception":"[object] (Symfony\\Component\\ErrorHandler\\Error\\FatalError(code: 0): Uncaught Symfony\\Component\\Finder\\Exception\\DirectoryNotFoundException: The \"C:\\Users\\Dell\\Downloads\\UltimatePOS-V6.5\\UltimatePOS-CodeBase-V6.5\\custom_views\" directory does not exist. in C:\\Users\\Dell\\Downloads\\UltimatePOS-V6.5\\UltimatePOS-CodeBase-V6.5\\vendor\\symfony\\finder\\Finder.php:649
Stack trace:
#0 C:\\Users\\Dell\\Downloads\\UltimatePOS-V6.5\\UltimatePOS-CodeBase-V6.5\\vendor\\laravel\\framework\\src\\Illuminate\\Filesystem\\Filesystem.php(569): Symfony\\Component\\Finder\\Finder->in('C:\\\\Users\\\\Dell\\\\D...')
#1 Command line code(1): Illuminate\\Filesystem\\Filesystem->files('C:\\\\Users\\\\Dell\\\\D...')
#2 Command line code(1): getViews('C:\\\\Users\\\\Dell\\\\D...', Object(Illuminate\\Filesystem\\Filesystem))
#3 {main}
  thrown at C:\\Users\\Dell\\Downloads\\UltimatePOS-V6.5\\UltimatePOS-CodeBase-V6.5\\vendor\\symfony\\finder\\Finder.php:649)
[stacktrace]
#0 {main}
"} 
[2025-03-25 20:41:32] local.ERROR: Uncaught Symfony\Component\Finder\Exception\DirectoryNotFoundException: The "C:\Users\Dell\Downloads\UltimatePOS-V6.5\UltimatePOS-CodeBase-V6.5\custom_views" directory does not exist. in C:\Users\Dell\Downloads\UltimatePOS-V6.5\UltimatePOS-CodeBase-V6.5\vendor\symfony\finder\Finder.php:649
Stack trace:
#0 C:\Users\Dell\Downloads\UltimatePOS-V6.5\UltimatePOS-CodeBase-V6.5\vendor\laravel\framework\src\Illuminate\Filesystem\Filesystem.php(569): Symfony\Component\Finder\Finder->in('C:\\Users\\Dell\\D...')
#1 Command line code(1): Illuminate\Filesystem\Filesystem->files('C:\\Users\\Dell\\D...')
#2 Command line code(1): getViews('C:\\Users\\Dell\\D...', Object(Illuminate\Filesystem\Filesystem))
#3 {main}
  thrown {"exception":"[object] (Symfony\\Component\\ErrorHandler\\Error\\FatalError(code: 0): Uncaught Symfony\\Component\\Finder\\Exception\\DirectoryNotFoundException: The \"C:\\Users\\Dell\\Downloads\\UltimatePOS-V6.5\\UltimatePOS-CodeBase-V6.5\\custom_views\" directory does not exist. in C:\\Users\\Dell\\Downloads\\UltimatePOS-V6.5\\UltimatePOS-CodeBase-V6.5\\vendor\\symfony\\finder\\Finder.php:649
Stack trace:
#0 C:\\Users\\Dell\\Downloads\\UltimatePOS-V6.5\\UltimatePOS-CodeBase-V6.5\\vendor\\laravel\\framework\\src\\Illuminate\\Filesystem\\Filesystem.php(569): Symfony\\Component\\Finder\\Finder->in('C:\\\\Users\\\\Dell\\\\D...')
#1 Command line code(1): Illuminate\\Filesystem\\Filesystem->files('C:\\\\Users\\\\Dell\\\\D...')
#2 Command line code(1): getViews('C:\\\\Users\\\\Dell\\\\D...', Object(Illuminate\\Filesystem\\Filesystem))
#3 {main}
  thrown at C:\\Users\\Dell\\Downloads\\UltimatePOS-V6.5\\UltimatePOS-CodeBase-V6.5\\vendor\\symfony\\finder\\Finder.php:649)
[stacktrace]
#0 {main}
"} 
